date,open,high,low,close,volume
2021-07-21,141.8556195804996,142.4404765741107,140.97834896361408,141.72889709472656,74993500
2021-07-22,142.2553100922622,144.4582442706814,142.12858757198936,143.09359741210938,77338200
2021-07-23,143.8246641352954,144.96512221870486,143.21056560056124,144.8091583251953,71447400
2021-07-26,144.5264945756414,146.04710543551434,143.9708787526298,145.2283172607422,72434100
2021-07-27,145.35497344078965,145.44271240050767,141.8751174935938,143.06431579589844,104818600
2021-07-28,141.15378253150473,143.25924964240136,138.9410921453255,141.31948852539062,118931200
2021-07-29,141.03684881635502,142.8498878684949,140.92962551695572,141.96286010742188,56699500
2021-07-30,140.73470874624329,142.63547230965827,140.47152152252852,142.17733764648438,70440600
2021-08-02,142.66470486730785,143.2398049839172,141.58272954059322,141.84591674804688,62880000
2021-08-03,142.1286117502495,144.30230492815897,141.51451312265684,143.6394805908203,64786600
2021-08-04,143.55173491626834,144.05859526042843,142.58672505684436,143.23980712890625,56368300
2021-08-05,143.2690181917266,144.10730535100612,142.47947159810346,143.3470001220703,46397700
2021-08-06,142.86867690985883,143.61059289976055,142.16580285802874,142.66366577148438,54126800
2021-08-09,142.72220631473397,143.2103123656707,142.05838923545102,142.6148223876953,48908700
2021-08-10,142.9565505100319,144.196344465899,141.84366893661831,142.13653564453125,69023100
2021-08-11,142.57580253562702,143.22986295766566,142.0681679932176,142.39031982421875,48493500
2021-08-12,142.7124810649403,145.50444888855472,142.37080079552103,145.34825134277344,72282600
2021-08-13,145.42638655047446,145.88520764627282,144.74304073624972,145.5532989501953,59375000
2021-08-16,145.00657783567002,147.59354953492934,142.98582599022765,147.52520751953125,103296000
2021-08-17,146.65636676617194,148.07187159409528,145.5434853619502,146.61732482910156,92229700
2021-08-18,146.23660593235846,147.134719463398,142.67342208980006,142.87843322753906,86326000
2021-08-19,141.5800847276963,144.4794367790495,141.06269334170713,143.21035766601562,86960300
2021-08-20,143.93275769698107,144.96754045087513,143.28845394220284,144.6649169921875,60549600
2021-08-23,144.78203658666285,146.6173203855108,144.3720292286724,146.14874267578125,60131800
2021-08-24,145.8949130199866,147.27137582254224,145.6020463753851,146.0608673095703,48606400
2021-08-25,146.24636116832204,146.74423897086186,144.28417982272728,144.8308563232422,58991300
2021-08-26,144.82114019917077,145.57281315038713,144.00111032248313,144.0303955078125,48597200
2021-08-27,143.97180225819312,145.2115961914639,143.33727014912955,145.06517028808594,55802400
2021-08-30,145.45562564226032,149.83882401907485,145.07490345956626,149.4776153564453,90956700
2021-08-31,149.02856544896787,149.16523456794167,147.69114453920625,148.2183074951172,86453100
2021-09-01,149.19456679893693,151.29341783710504,148.71621728375123,148.88217163085938,80313700
2021-09-02,150.20979354918074,151.0395800272227,148.77476016459727,149.99502563476562,71115500
2021-09-03,150.1023689782168,150.95168364480844,149.44830865067632,150.62953186035156,57808700
2021-09-07,151.2836211735212,153.51914078415754,150.71741625258127,152.96270751953125,82278300
2021-09-08,153.24578484904103,153.30435519689405,150.31714828986404,151.42027282714844,74420200
2021-09-09,151.79127971049815,152.3965266648195,150.28790419091163,150.40505981445312,57305700
2021-09-10,151.31292061025323,151.7814983871202,145.1627795675759,145.42636108398438,140893200
2021-09-13,147.04686479158386,147.81806596111582,145.21158088499752,145.9925537109375,102404300
2021-09-14,146.7735217186003,147.4763957492906,143.4153491043727,144.5965576171875,109296300
2021-09-15,145.02608811276684,145.88515965134906,142.88818092204215,145.4849090576172,83281300
2021-09-16,144.90896023332135,145.42635157507343,143.71798000246844,145.25062561035156,68034100
2021-09-17,145.27991132028194,145.27991132028194,142.29268938190515,142.58555603027344,129868800
2021-09-20,140.37933813407227,141.3945924183066,137.90952209387459,139.539794921875,123478900
2021-09-21,140.5062336067531,141.16030897663776,139.38359538478255,140.01812744140625,75834000
2021-09-22,141.0138481925674,142.94674416241062,140.28168904837355,142.38055419921875,76404300
2021-09-23,143.1615238009879,143.5813028239796,142.17555476827644,143.33724975585938,64838200
2021-09-24,142.1950877231893,143.96202960944674,142.09746053449825,143.42510986328125,53477900
2021-09-27,142.00962976919416,142.48797924389808,140.39888514559524,141.91200256347656,74150700
2021-09-28,139.84240736288436,141.30672576458994,138.31951860844126,138.53428649902344,108972300
2021-09-29,139.08096654322168,141.0138627120859,138.6514307510702,139.43240356445312,74602000
2021-09-30,140.2426707272125,140.9455448156453,137.9192805517919,138.13404846191406,89056700
2021-10-01,138.52450892126643,139.5202495626883,135.80088336468526,139.2566680908203,94639600
2021-10-04,138.38785651091933,138.82716398233575,134.98088496397907,135.83018493652344,98322000
2021-10-05,136.17185207930245,138.8564357660988,136.04493972017434,137.75331115722656,80861100
2021-10-06,136.15236065284557,138.7686030429388,135.07852092806354,138.62217712402344,83221100
2021-10-07,139.6569450430087,140.78935501402486,139.32503639848235,139.8814697265625,61732700
2021-10-08,140.60385709315267,140.7502829805711,139.16882381318146,139.500732421875,58773200
2021-10-11,138.88572424122802,141.36529686032225,138.43666004151856,139.41287231445312,64452200
2021-10-12,139.82288519545196,139.84241361250955,137.68497785008697,138.143798828125,73035900
2021-10-13,137.88022678873125,138.0364094315763,135.88874541033104,137.55807495117188,78762700
2021-10-14,138.72955687137625,140.45745714105692,138.14382342191217,140.34030151367188,69907100
2021-10-15,140.3500225311004,141.45313211222725,140.09619784320086,141.39456176757812,67940300
2021-10-18,140.03765490452832,143.34701408719482,139.7545598847163,143.0639190673828,85589200
2021-10-19,143.51295730034732,145.62157933226285,143.06390800766076,145.22132873535156,76378900
2021-10-20,145.16279603857302,146.1878221446277,144.59659100003023,145.70947265625,58418800
2021-10-21,145.27014914498275,146.0804071368253,144.35250720492448,145.92420959472656,61421000
2021-10-22,146.12922747617256,146.6075619891813,145.1042015405824,145.15301513671875,58883400
2021-10-25,145.14324421012236,145.8168331110648,144.10846150842693,145.1042022705078,50720600
2021-10-26,145.77777738990952,147.25185252804923,145.4653823192533,145.7680206298828,60893400
2021-10-27,145.80706700277705,146.16826078037482,144.95776708428832,145.3092041015625,56094900
2021-10-28,146.25616571377768,149.5264686918417,146.1585385042387,148.9407501220703,100077900
2021-10-29,143.7179883048137,146.373287179863,142.92725865743117,146.2366180419922,124953200
2021-11-01,145.44591116098886,146.13901372017423,144.2842158593394,145.4166259765625,74588300
2021-11-02,145.12373606469237,147.96451766703325,145.11396440756303,146.45138549804688,69122000
2021-11-03,146.8125891838913,148.35500663634056,146.25615583539988,147.8864288330078,54511500
2021-11-04,147.9742807485948,148.80405236999567,147.05663868837075,147.36903381347656,60394600
2021-11-05,148.49330137784227,148.79636649786093,146.70422366033108,147.89694213867188,65463900
2021-11-08,148.02405391839477,148.18047945260236,146.80200740282297,147.07574462890625,55020900
2021-11-09,146.84111017051336,148.04359979638906,146.7042415538898,147.43746948242188,56787900
2021-11-10,146.6651351263565,146.77267581374304,144.54366421842147,144.61209106445312,65187100
2021-11-11,145.6288070022433,146.0882826457482,144.37741797894228,144.56317138671875,41000000
2021-11-12,145.11067671997742,147.03662312152338,144.18192440007093,146.63580322265625,63804000
2021-11-15,147.00724392124764,148.48348506739984,146.08826292319225,146.64552307128906,59222800
2021-11-16,146.5868762388628,148.10221638704422,146.00028814358132,147.6231689453125,59256200
2021-11-17,147.62315882272418,151.53370607630626,147.61338782490964,150.05747985839844,88807000
2021-11-18,150.2726099643279,155.12168178008048,149.627365877677,154.33956909179688,137827700
2021-11-19,154.12448394226502,157.41913113659675,153.02953515610952,156.9596405029297,117305600
2021-11-22,158.064326917399,161.99443143444842,157.39954098546454,157.41909790039062,117467900
2021-11-23,157.5168614506406,158.18166233731603,155.50293170970644,157.80038452148438,96041900
2021-11-24,157.15513688529995,158.51405162465102,156.06995929361992,158.3185272216797,69463600
2021-11-26,156.00157185337474,156.8618824271744,152.8633499442556,153.30328369140625,76959800
2021-11-29,155.80597050665025,157.58527662553794,155.23893937813287,156.65652465820312,88748200
2021-11-30,156.41218795497596,161.81852071802552,156.34374618750323,161.6034393310547,174048100
2021-12-01,163.7346852701077,166.49162952296948,160.85065831650064,161.08529663085938,152052500
2021-12-02,155.19009727061072,160.52798674829987,154.27111613625055,160.0978240966797,136739200
2021-12-03,160.35203598315746,161.27101721338744,156.14819360952984,158.2207794189453,118023100
2021-12-06,160.61599065605895,164.12571914002814,160.6062196554979,161.6229705810547,107497000
2021-12-07,165.2988844701773,167.7429772469704,164.57542763792551,167.35191345214844,120405400
2021-12-08,168.2806769394803,172.02502878126478,166.88264814477856,171.16470336914062,116998900
2021-12-09,170.9985205283445,172.7973693361273,170.03065436230736,170.65634155273438,108923700
2021-12-10,171.29182418696914,175.61297891700764,170.78344865474102,175.43699645996094,115402700
2021-12-13,177.06961358561998,178.0570365302883,171.6046261840087,171.8099365234375,153237000
2021-12-14,171.33094311359295,173.76526545026528,168.35893217623416,170.4315185546875,139380400
2021-12-15,171.19405708911282,175.48588396086842,168.4566698432585,175.2903594970703,131063300
2021-12-16,175.27076132354634,177.08916675225177,166.9315188519041,168.40774536132812,150185800
2021-12-17,166.12988807604526,169.59073223954843,165.8952646870351,167.31283569335938,195432700
2021-12-20,164.51677542044033,166.76534380811088,163.71512072913166,165.9539031982422,107499100
2021-12-21,167.72341591348743,169.3267401361631,165.3379790393109,169.12144470214844,91185900
2021-12-22,169.17029609354066,171.92723953166936,168.30019977990446,171.712158203125,92135300
2021-12-23,171.91746810959268,172.89510508509778,171.35043687369296,172.3378448486328,68356600
2021-12-27,173.12973764737882,176.38527073958,173.11019564746687,176.2972869873047,74919600
2021-12-28,176.13113317745794,177.27496698697752,174.537579662478,175.28057861328125,79144300
2021-12-29,175.31966069433915,176.59059189162147,174.15627017338588,175.36854553222656,62348900
2021-12-30,175.4565540145469,176.53196092937984,174.10740987004013,174.21495056152344,59773000
2021-12-31,174.1073747963206,175.22188041192248,173.29593427269404,173.59901428222656,64062300
2022-01-03,173.85319685203027,178.79026689432098,173.73588518068755,177.93971252441406,104487900
2022-01-04,178.54585013474667,178.84891521802436,175.11433471652768,175.68136596679688,99310400
2022-01-05,175.5933747274367,176.1408490374331,170.7345178498846,171.0082550048828,94537600
2022-01-06,168.83792269234627,171.3797850968752,167.80162976232634,168.15357971191406,96904000
2022-01-07,169.0236630282213,170.2457092977057,167.2052575825263,168.31976318359375,86709100
2022-01-10,165.2988731483881,168.64239004792708,164.40921985835627,168.33932495117188,106765600
2022-01-11,168.46643037323963,171.26245812752686,166.99997473942338,171.16470336914062,76138300
2022-01-12,172.18141648353657,173.21770927349675,170.91050037060046,171.6046142578125,74805200
2022-01-13,171.8490383580425,172.6702498945838,167.94826118313497,168.33932495117188,84505800
2022-01-14,167.5083685317949,169.89380588973404,167.26395921098248,169.19969177246094,80440800
2022-01-18,167.6745435442064,168.68150862321704,165.62151446360372,166.00279235839844,90956700
2022-01-19,166.19831524532339,167.25416515581253,162.22911080921511,162.5126190185547,94815000
2022-01-20,163.24581922868165,165.8854360990158,160.50843269303434,160.8310546875,91420500
2022-01-21,160.74309086318223,162.61038131219433,158.67050497614542,158.77804565429688,122848900
2022-01-24,156.44146612794097,158.67047714081284,151.24043048620277,158.00567626953125,162294600
2022-01-25,155.4247355135648,159.1202024043847,153.5085752311325,156.20684814453125,115798400
2022-01-26,159.84364519078215,160.713741500623,154.2906743409117,156.1188507080078,108275300
2022-01-27,158.81715723147198,160.17607231774176,154.74041197266266,155.65939331054688,121954600
2022-01-28,162.0042414218655,166.5404767176366,159.1593140383979,166.5209197998047,179935700
2022-01-31,166.35473547583268,171.0864955438015,165.71926239899202,170.8714141845703,115541600
2022-02-01,170.11864243059435,170.93008309016165,168.45666218750117,170.70523071289062,86213900
2022-02-02,170.84207875406224,171.94681342176997,169.45383589849953,171.90769958496094,84914300
2022-02-03,170.57813105955574,172.29878204430065,168.27090671710556,169.03346252441406,89418100
2022-02-04,168.05458991972742,170.42349941150601,167.07570713146276,168.74960327148438,82465400
2022-02-07,169.20967525085985,170.27665387927516,167.3400055860888,168.03501892089844,77251200
2022-02-08,168.1035042386361,171.64706939744136,167.80983647215697,171.13804626464844,74829200
2022-02-09,172.3322647747442,172.91958530484067,171.20654095307694,172.55740356445312,71285000
2022-02-10,170.46260694632986,171.77430598076174,167.92730472233933,168.48526000976562,90865900
2022-02-11,168.690860750742,169.4250227899619,164.4914455219278,165.0787811279297,98670700
2022-02-14,163.83558309476697,165.99892030677,163.04269054419584,165.31370544433594,86185500
2022-02-15,167.3595849608588,169.29776862360237,166.65478818594016,169.14114379882812,62527400
2022-02-16,168.22100455291906,169.67953027359678,166.45901263665095,168.90621948242188,61177400
2022-02-17,167.4182971510757,168.27971865617212,164.91235997613748,165.31370544433594,69589300
2022-02-18,166.23386310925557,166.93864489391834,162.68051421778296,163.76707458496094,82772700
2022-02-22,161.49607262837773,163.16996871038384,158.7258326412145,160.8500213623047,91162800
2022-02-23,162.04421705709984,162.64133603328534,156.37649344425944,156.6897430419922,90009200
2022-02-24,149.35790916683425,159.4110376690062,148.79015546543386,159.30335998535156,141147500
2022-02-25,160.38013909716133,161.6331077669388,157.47285626304333,161.3688201904297,91974200
2022-02-28,159.6165763607333,161.92673963359974,158.9998756125995,161.63307189941406,95056600
2022-03-01,161.22195543903135,163.08184127413253,158.54961021930214,159.75363159179688,83474400
2022-03-02,160.91852050375005,163.82580321014547,159.50892707803538,163.04269409179688,79724800
2022-03-03,164.91236813214016,165.34307890598984,162.0540324670775,162.71966552734375,76678400
2022-03-04,161.01640589639365,162.05401907314567,158.67687705595137,159.72427368164062,83737200
2022-03-07,159.91028134097652,161.5352302369313,155.68150083148916,155.93601989746094,96418800
2022-03-08,155.4661583222758,159.44041971330986,152.50992837199067,154.11529541015625,131148300
2022-03-09,158.06995256595388,159.959203685233,156.04367342146804,159.5089111328125,91454900
2022-03-10,156.81700107101284,157.0029911685478,152.6861150001443,155.1724853515625,105342000
2022-03-11,155.57382899544626,155.9164439341305,151.23738556277695,151.4625244140625,96970100
2022-03-14,148.25179027503273,150.86540543880508,146.93030751756515,147.43931579589844,108732100
2022-03-15,147.71337523300835,152.28477002224423,147.2043670461277,151.8148956298828,92964300
2022-03-16,153.73352378158447,156.6212246232631,151.19822129277074,156.21987915039062,102300200
2022-03-17,155.26052503831542,157.600053180615,154.3012245490177,157.2280731201172,75615400
2022-03-18,157.1204572234023,161.00662274780382,156.38629519642316,160.51718139648438,123511700
2022-03-21,160.0571133745572,162.8371517415441,159.5676719986422,161.88763427734375,95811400
2022-03-22,162.01487524148183,165.84231029999864,161.42755456550663,165.25498962402344,81532000
2022-03-23,164.44251031244588,168.99430889731204,164.1096788423283,166.61563110351562,98062700
2022-03-24,167.44764277770662,170.46260275503545,166.6156015912022,170.3940887451172,90131400
2022-03-25,170.20810721060892,171.578536843318,169.10196511927478,171.03036499023438,80546200
2022-03-28,168.53422465828777,172.0190445148475,168.36781639958284,171.8917999267578,90371900
2022-03-29,172.95877935054617,175.22977935165113,172.6161644453855,175.18084716796875,100589400
2022-03-30,174.77950323773482,175.81711647524634,172.96856432856262,174.01597595214844,92633200
2022-03-31,174.08453235394947,174.2705224958716,170.71717276870268,170.92274475097656,103049300
2022-04-01,170.35495761395958,171.18701389593227,168.30909632537671,170.62904357910156,78751300
2022-04-04,170.8835430731966,174.72076108227714,170.75628355518236,174.67181396484375,76468400
2022-04-05,173.7516656886956,174.53477477488693,170.73670541562527,171.36318969726562,73401800
2022-04-06,168.72019203962893,169.96337702443967,166.53728819844997,168.20138549804688,89058800
2022-04-07,167.5455970328042,169.69913637772763,166.26326285209578,168.50489807128906,77594700
2022-04-08,168.15248323813117,168.15248323813117,165.6269638660641,166.4981689453125,76575500
2022-04-11,165.1472853633742,165.46052001953282,162.0050657338506,162.24978637695312,72246700
2022-04-12,164.47185939466212,166.28278325109693,163.1209966207163,164.1194610595703,79265200
2022-04-13,163.85517369033073,167.42808955183875,163.24827119923606,166.80160522460938,70618900
2022-04-14,167.01694559853848,167.65322825491936,161.55477886000992,161.79949951171875,75329400
2022-04-18,160.4584131571765,163.08182595142617,160.1158132536157,161.58413696289062,69023900
2022-04-19,161.53521398147984,164.2760883021938,160.44865367684753,163.8649444580078,67723800
2022-04-20,165.1962520760154,165.3137281661249,162.59243524088046,163.6985626220703,67929800
2022-04-21,165.34306268686478,167.90773030576432,162.40641490220864,162.9056396484375,87227800
2022-04-22,162.9447923826861,164.32500539707067,158.08952846576778,158.37339782714844,84882400
2022-04-25,157.71757136622622,159.7242838315626,155.11375480994548,159.44041442871094,96046400
2022-04-26,158.82372320771267,158.91181906878418,153.4105028966986,153.4888153076172,95623200
2022-04-27,152.61759051221244,156.41564486229873,152.0987839265491,153.26365661621094,88063200
2022-04-28,155.88704759214835,161.0457628626786,155.57379800357486,160.18434143066406,130216800
2022-04-29,158.42239865298615,162.69032852477312,153.92932990538873,154.3208770751953,131747600
2022-05-02,153.4007100151784,154.88860092145774,150.0333512355366,154.6243133544922,123055300
2022-05-03,154.81029731534235,157.31624964341847,153.01895506893698,156.11221313476562,88966500
2022-05-04,156.29815906862675,162.96434616624182,155.89681367917365,162.51406860351562,108256500
2022-05-05,160.38990141926735,160.61504020896953,151.6778383257631,153.45941162109375,130525300
2022-05-06,152.93984857664353,156.30235682996496,151.1458596477854,154.1848602294922,116124600
2022-05-09,151.88108159062776,152.763379211531,148.50879088738637,149.06756591796875,131577900
2022-05-10,152.45950928453797,153.65550196924158,149.92046680625165,151.46937561035156,115366700
2022-05-11,150.4792343504193,152.39085681137783,142.94056542836282,143.6169891357422,142689800
2022-05-12,139.9604210928437,143.32291464808353,136.06854586723028,139.75454711914062,182602000
2022-05-13,141.744613679471,145.1855500570958,140.2937427481442,144.21502685546875,113990900
2022-05-16,142.68573136301794,144.61696502202452,141.3426813570236,142.67591857910156,86643800
2022-05-17,145.93055862687706,146.82265416778552,143.79345144967377,146.30308532714844,78336300
2022-05-18,143.9601314929513,144.46008977155722,137.14688920750964,138.04879760742188,109742900
2022-05-19,137.12729010884627,138.87226008655338,133.91183880440775,134.64707946777344,136095600
2022-05-20,136.3528207232791,137.93113785871375,130.00034593006458,134.88233947753906,137426100
2022-05-23,135.07841705772444,140.44077384848245,134.94117272312687,140.29373168945312,117726300
2022-05-24,138.03898075989613,139.17615657107172,134.62746828487894,137.59783935546875,104132700
2022-05-25,135.7058476818173,138.99972729724945,135.61762236961698,137.75473022460938,92482700
2022-05-26,134.68626677474316,141.49949297179577,134.4411865880973,140.9505157470703,90601500
2022-05-27,142.5288422380691,146.73441193920726,142.4013957458045,146.69520568847656,90978500
2022-05-31,146.13644955191023,147.69515625482543,143.95032308788612,145.9109649658203,103718400
2022-06-01,146.95007745203338,148.753879037452,144.77376414576858,145.78350830078125,74286600
2022-06-02,144.9208398093746,148.2931460840145,143.96992734384497,148.2343292236328,72348100
2022-06-03,144.00910439920688,145.05805472503135,141.61713446378366,142.51902770996094,88570300
2022-06-06,144.13655344098794,145.64625571792195,142.04846553260185,143.26406860351562,71598400
2022-06-07,141.5093091448792,146.06779474236185,141.26422895235845,145.78350830078125,67808200
2022-06-08,145.65608826850138,146.92069570984725,144.5581335933167,145.0482940673828,53950200
2022-06-09,144.1855888973648,145.03846322934638,139.7251261469218,139.8329620361328,69473000
2022-06-10,137.51941663931075,137.9899664897166,134.36278209908923,134.43141174316406,91437900
2022-06-13,130.2552678975913,132.53941799813305,128.85341581720851,129.28475952148438,122207100
2022-06-14,130.51011351307002,131.25515193955982,128.8925752102517,130.1473846435547,84784300
2022-06-15,131.64729675078482,134.63727870714717,129.55922325217023,132.76486206054688,91533000
2022-06-16,129.48080971072673,129.78470685138856,126.5006252583711,127.50055694580078,108123900
2022-06-17,127.51036998343507,130.46113104749855,127.25547692933145,128.97103881835938,134520300
2022-06-21,130.79441426737327,134.36278178825876,130.69639115129178,133.19619750976562,81000500
2022-06-22,132.1374700396713,135.04902480535304,131.27479767249656,132.68646240234375,73409200
2022-06-23,134.12754853756152,135.86270622381755,132.9609639616573,135.54901123046875,72433800
2022-06-24,137.1468791706762,139.117333627322,137.01944763359853,138.87225341796875,89116800
2022-06-27,139.89178050713437,140.66624234545563,138.19582964679236,138.87225341796875,70207900
2022-06-28,139.3330131628478,140.59762053174873,134.61767206581916,134.7353057861328,67083400
2022-06-29,134.75492447437682,137.90174634957765,133.98046254650382,136.49008178710938,66242400
2022-06-30,134.54906419941244,135.6470189893978,131.13755113159218,134.0294952392578,98964500
2022-07-01,133.36282702594735,136.3037892489926,132.99031531614665,136.19595336914062,71051600
2022-07-05,135.05880629688934,138.82323473193733,134.2353254229341,138.7742156982422,73353800
2022-07-06,138.56835645511603,141.28383440664965,138.30366564043456,140.10745239257812,74064300
2022-07-07,140.470146283479,143.66600133351363,140.46034846155806,143.46994018554688,66253700
2022-07-08,142.40140757015126,144.64635079248632,142.1465295229667,144.14637756347656,64547800
2022-07-11,142.8033331399919,143.7542455393016,140.95052737444695,142.01907348632812,63141600
2022-07-12,142.89154019342988,145.5286052761855,142.19552087150592,142.9895782470703,77588800
2022-07-13,140.17605986446435,143.56796105129766,139.32317069836506,142.62686157226562,71185600
2022-07-14,141.24462523992875,146.0187828364424,140.43095716603992,145.54823303222656,78140700
2022-07-15,146.83244295612025,147.89119117713278,145.28353435270415,147.2147674560547,76259900
2022-07-18,147.77357228115997,148.58724039251226,143.81306761767442,144.17579650878906,81420900
2022-07-19,145.0090674390563,148.25392726287154,144.01894870347078,148.02845764160156,82982400
2022-07-20,148.14610577429508,150.69494637561027,147.41086501912858,150.0283203125,64823400
2022-07-21,151.45958316742,152.50853373902038,148.94996398855773,152.29286193847656,65086600
2022-07-22,152.33209867400265,153.2045838749567,150.39106703923662,151.05767822265625,66675400
2022-07-25,150.97921649648936,151.9889458272938,149.28326552705713,149.94007873535156,53623900
2022-07-26,149.26366918886245,150.07733740905365,147.8324089141252,148.61666870117188,55138700
2022-07-27,149.57734107239523,154.2338646113094,149.1656081545016,153.70448303222656,78620700
2022-07-28,153.8907653704556,154.53778073211737,151.37134852302864,154.2534942626953,81378700
2022-07-29,158.06698413815568,160.40995103683753,156.36121998956833,159.31198120117188,101786900
2022-08-01,157.84148924790597,160.37071938994356,157.72385550686172,158.33164978027344,67829400
2022-08-02,156.94938527079637,159.21392420256825,156.48863324172908,156.86114501953125,59907000
2022-08-03,157.67482654904526,163.31167231688755,157.58660124880873,162.86073303222656,82507500
2022-08-04,162.74310407937853,163.89989078177408,161.19419491158527,162.5470428466797,55474100
2022-08-05,160.22042780912037,162.81206933981917,160.01426786699392,162.32122802734375,56697000
2022-08-08,163.32251461167718,164.7361398246356,161.19226535966965,161.84999084472656,60276900
2022-08-09,161.0155852740051,162.78261696114208,160.25968547297944,161.8990936279297,63135500
2022-08-10,164.60851631297595,166.23811287684435,163.8428051524665,166.13995361328125,70170500
2022-08-11,166.9449356294848,167.85790820975464,165.10919401506573,165.40370178222656,57149200
2022-08-12,166.70935086886797,169.01629605421468,166.29703098384923,168.9475860595703,68039400
2022-08-15,168.37818541775778,170.21392688656005,168.21130119143814,170.01759338378906,54091700
2022-08-16,169.61514449782814,170.52811724537264,168.51566461022102,169.86056518554688,56377100
2022-08-17,169.6052979143018,172.92337473871223,169.40896440067246,171.35269165039062,79542000
2022-08-18,170.56730924585392,171.69623796281792,169.9488445685988,170.95997619628906,62290100
2022-08-19,169.8605704706802,170.55757183637587,168.17207488829533,168.37823486328125,70346300
2022-08-22,166.58171149389958,166.74859572706774,164.0784180378036,164.50054931640625,69026800
2022-08-23,164.01956265497435,165.61971039901564,163.59743126526018,164.16680908203125,54147100
2022-08-24,164.25514348994625,165.03066617037743,163.2047358944321,164.46128845214844,53841500
2022-08-25,165.688378388784,167.02346724627097,165.2662620854037,166.9154815673828,51218200
2022-08-26,167.44563181749547,167.91683533755338,160.5640262370915,160.6229248046875,78961000
2022-08-29,158.19810669053518,159.91605082453415,156.89248233046595,158.4239044189453,73314000
2022-08-30,159.1602105704912,159.58232691391927,154.83098655063566,155.9991912841797,77906200
2022-08-31,157.37354474862363,157.6386032608909,154.2616125155062,154.34014892578125,87991100
2022-09-01,153.77077627080038,155.51817026416148,151.836860169279,155.0666046142578,74229900
2022-09-02,156.82379496598037,157.42262194968552,152.13135334781393,152.95596313476562,76957800
2022-09-06,153.60385293125665,154.2124912520568,150.8747769402501,151.6993865966797,73714800
2022-09-07,151.98409298992328,153.80019664109167,150.7962505650505,153.10321044921875,87449600
2022-09-08,151.80741774838046,153.4959132532277,149.88331299426738,151.63072204589844,84923800
2022-09-09,152.62220516793604,154.92916542303703,151.91539245059826,154.48739624023438,68028800
2022-09-12,156.66674327917337,161.25119983056848,156.38206187837264,160.4364013671875,104956000
2022-09-13,156.97104316313002,157.59931943362142,150.56065692569356,151.0220489501953,122656600
2022-09-14,151.95462406702927,154.22232317214238,150.79624593389804,152.46510314941406,87965400
2022-09-15,151.81718374523024,152.39638777057854,148.60709294324934,149.57894897460938,90481100
2022-09-16,148.44022763272653,148.57766259301448,145.65223775657734,147.93955993652344,162278800
2022-09-19,146.57500265714634,151.72883546494634,146.36885773323408,151.65029907226562,81474200
2022-09-20,150.5900968013731,155.1843789131033,150.2759661753886,154.02598571777344,107689800
2022-09-21,154.45795295017905,155.8323177224437,150.78646922639234,150.90426635742188,101696800
2022-09-22,149.58879338602387,151.6405063427645,148.14571882351763,149.94219970703125,86652500
2022-09-23,148.42058784002563,148.6954577569954,145.83875792782328,147.67449951171875,96029900
2022-09-26,146.91861726875362,150.95333323742267,146.8989794231201,148.00828552246094,93339400
2022-09-27,149.94222342090066,151.88595100420483,147.20332025510484,148.98016357421875,84442700
2022-09-28,144.93560783080054,147.8806554147203,142.18689375661808,147.09530639648438,146691400
2022-09-29,143.4238179924611,144.03245634378814,138.103085707034,139.8701171875,128138200
2022-09-30,138.69210195416497,140.4787712884576,135.47218456289696,135.66851806640625,124925300
2022-10-03,135.67835835777296,140.44933637961338,135.1678792129988,139.84068298339844,114311700
2022-10-04,142.3734205948832,143.54162523892447,141.61752082886468,143.423828125,87830100
2022-10-05,141.43104557154376,144.68041318278895,140.39044924017614,143.71835327148438,79471000
2022-10-06,143.13915751475957,144.83746445591814,142.55996829483985,142.76611328125,68402200
2022-10-07,139.9290453992253,140.47880029356153,136.8956494527264,137.52392578125,85925600
2022-10-10,137.84786987304688,139.29094450363405,136.03176603772727,137.84786987304688,74899000
2022-10-11,137.33738075448184,138.76083241469453,135.68816128454225,136.43423461914062,77033700
2022-10-12,136.58152223774053,137.78898779453903,135.62928879673916,135.8059844970703,70433700
2022-10-13,132.5173428390662,140.9598044199806,131.90868942611982,140.3708038330078,113224000
2022-10-14,141.66663200393148,141.8727919675868,135.65873850521228,135.8452606201172,88598000
2022-10-17,138.48598615048115,140.282452315822,137.7006369919499,139.8014373779297,85250900
2022-10-18,142.8249846575733,144.01281203046764,138.03436952113134,141.11685180664062,99136600
2022-10-19,139.09461918905455,142.29489928414645,138.90809708603376,141.22486877441406,61758300
2022-10-20,140.40025572638473,143.21768011702426,140.0370229627389,140.7634735107422,64522000
2022-10-21,140.25297565616944,145.14176534962488,140.03700430524796,144.5723876953125,86548600
2022-10-24,144.493896124247,147.47820529483582,143.32569117619283,146.71249389648438,75981900
2022-10-25,147.3407290522299,149.69677613929844,146.62410499116672,149.5495147705078,74732300
2022-10-26,148.1947823413551,149.20591401942318,145.32825653907994,146.61427307128906,88194300
2022-10-27,145.35776595535313,146.3198108162611,141.48993368404496,142.1476593017578,109180200
2022-10-28,145.4853576495381,154.61500878306214,145.11232844918345,152.8872528076172,164762400
2022-10-31,150.35450854811523,151.4147275390832,149.13721674827332,150.5312042236328,97943200
2022-11-01,152.23934967138234,152.60256746450293,146.39834080336652,147.89048767089844,80379300
2022-11-02,146.22162239502856,149.3826416112209,142.34397906464244,142.37342834472656,93604600
2022-11-03,139.4578493069626,140.18429993575015,136.20848179558848,136.3361053466797,97918500
2022-11-04,139.71869406725023,140.2890164015465,132.13737261509453,136.07061767578125,140814800
2022-11-07,134.8217569283286,136.82770454508952,133.40578684396397,136.60154724121094,83374600
2022-11-08,138.06670690734794,139.06967336647747,135.19544046730184,137.17189025878906,89908500
2022-11-09,136.18857977969958,136.23774833279379,132.3438299914245,132.61915588378906,74917800
2022-11-10,138.88288280173376,144.41891479492188,137.17191586897493,144.41891479492188,118854000
2022-11-11,143.38642351170455,147.50648417895965,141.96061049585242,147.20166015625,93979700
2022-11-14,146.48384590068005,147.77198095425382,144.96953850636208,145.80535888671875,73374100
2022-11-15,149.67960607049233,151.02673737922098,146.08068410249945,147.53598022460938,89868300
2022-11-16,146.64120672406102,147.36884742264508,144.831902680013,146.30686950683594,64218300
2022-11-17,143.98625266251898,148.95197725260945,143.71092672522755,148.2046661376953,80389400
2022-11-18,149.76810292744864,150.15159363499748,147.4671586821555,148.76512145996094,74829600
2022-11-21,147.65399909356225,147.8604860232478,145.2547175972566,145.5398712158203,58724100
2022-11-22,145.65785433713793,147.90962978782017,144.47786920588229,147.6736297607422,51804100
2022-11-23,146.95585380028717,149.29613922514196,146.84768896962234,148.548828125,58301400
2022-11-25,145.83487333926465,146.3953678932279,144.66473067745702,145.63821411132812,35195900
2022-11-28,142.7177853624681,144.19275214587688,140.98716307142482,141.81314086914062,69246000
2022-11-29,141.88196729880755,142.393293327039,138.00773375100172,138.8140411376953,83763800
2022-11-30,139.04019702693043,146.23804217919428,138.20439151332914,145.55955505371094,111380900
2022-12-01,145.7365320270306,146.64117635966434,144.1632284025417,145.83485412597656,71250400
2022-12-02,143.52408428382984,145.53003217962117,143.21924526160134,145.34320068359375,65447400
2022-12-05,145.30391187981684,148.40133640660238,143.33728932207632,144.1829376220703,68826400
2022-12-06,144.61558740538712,144.84174478338647,139.55152565219004,140.52500915527344,64727200
2022-12-07,139.8170142991394,140.97731424983792,137.66356048798676,138.58787536621094,69721100
2022-12-08,139.98417924727298,141.12482380942538,138.7452125702619,140.2693328857422,62128300
2022-12-09,139.96452545134943,143.14063172179561,138.54855479274573,139.78753662109375,76097000
2022-12-12,140.31849324023466,142.08845624970894,138.70586361029962,142.07862854003906,70462700
2022-12-13,147.00499369488003,147.46715106267968,141.83278326469596,143.04225158691406,93886200
2022-12-14,142.92427726159215,144.21241242784126,138.80420126905452,140.8199920654297,82291200
2022-12-15,138.75503452609877,139.43352160827794,133.7598121718234,134.2219696044922,98931900
2022-12-16,134.40879318099954,135.35276341025192,131.49818579850947,132.26516723632812,160156900
2022-12-19,132.8551509782634,132.94364536804903,129.12840885731634,130.16087341308594,79592600
2022-12-20,129.19723960857664,131.0261987808424,127.72227301817315,130.09205627441406,77432800
2022-12-21,130.7606740979378,134.52675649615924,130.5345168010593,133.189453125,85928000
2022-12-22,132.10785363301125,132.31434056379908,128.12544063659777,130.02322387695312,77852100
2022-12-23,128.7350936895975,130.21006041152802,127.47645662054781,129.65940856933594,63814900
2022-12-27,129.1874232542848,129.2169213883547,126.57181200307966,127.85994720458984,69007800
2022-12-28,127.50595548300566,128.8432592520272,123.76937760067855,123.93653869628906,85438400
2022-12-29,125.8539710621533,128.30241331797103,125.59831560715067,127.44693756103516,75703700
2022-12-30,126.26695961626481,127.78125184057714,125.30331160781724,127.76158142089844,77034200
2023-01-03,128.10576937065363,128.7154174535332,122.09773792777466,122.98271942138672,112117500
2023-01-04,124.77233620258212,126.51280092971427,122.9925456360047,124.25118255615234,89113600
2023-01-05,125.0083349534918,125.63765344479737,122.67789249421179,122.93354797363281,80962700
2023-01-06,123.90702590791659,128.11558844506558,122.80571484542136,127.45677185058594,87754700
2023-01-09,128.2925719576192,131.18350835097178,127.72224984563988,127.9779052734375,70790800
2023-01-10,128.08609090104719,129.06940194282927,125.98180587179891,128.54824829101562,63896200
2023-01-11,129.05956971451124,131.28184718963053,128.28276062052532,131.26219177246094,69458900
2023-01-12,131.6456901154858,132.0193381171801,129.24640871746402,131.18353271484375,71379600
2023-01-13,129.82653652186355,132.66830441383743,129.4627162913207,132.51097106933594,57809700
2023-01-17,132.57984966159466,134.99878678874634,131.89153482883353,133.67132568359375,63646600
2023-01-18,134.5366071318126,136.29672707490226,132.776472184589,132.95347595214844,69672800
2023-01-19,131.8423392118264,133.97612225756075,131.53751520588366,133.01248168945312,58280400
2023-01-20,133.02234968254703,135.7166280099619,131.98004211916552,135.56912231445312,80223600
2023-01-23,135.81492969380113,140.92815961902411,135.59860004292767,138.75503540039062,81760300
2023-01-24,137.9683697007518,140.77081216801105,137.95854199183503,140.1513214111328,66435100
2023-01-25,138.53867984910516,140.05297211797858,136.49339126221906,139.49249267578125,65799300
2023-01-26,140.78065564701856,141.8426334902846,139.53184628445516,141.55747985839844,54105100
2023-01-27,140.77079221891566,144.77285978471076,140.69212554632242,143.4945526123047,70555800
2023-01-30,142.54076039880331,143.12091025214485,140.46597371619012,140.61346435546875,64015300
2023-01-31,140.31849689379183,141.93112656571586,139.90550801485074,141.8819580078125,65874500
2023-02-01,141.56730384751015,144.16324461699494,138.961535368266,143.0029296875,77663600
2023-02-02,146.41502317640206,148.65697138188685,145.6972102432423,148.30299377441406,118339000
2023-02-03,145.55954560277002,154.75351068440185,145.36288637728777,151.92156982421875,154357300
2023-02-06,150.02379246889225,150.5449461888697,148.2636570715711,149.1977996826172,69858300
2023-02-07,148.12601874914395,152.6394141710747,148.12601874914395,152.069091796875,83322600
2023-02-08,151.31189384284664,152.00020850727236,148.64711456554969,149.3845977783203,64120100
2023-02-09,151.213581264491,151.75440537570756,147.9096553354024,148.35214233398438,56007100
2023-02-10,147.1900447411898,149.04148154329528,146.9536843926681,148.71649169921875,57450700
2023-02-13,148.65740223290342,151.91712829057613,148.62785906834173,151.51336669921875,62199000
2023-02-14,149.8096612758476,151.43461079325414,148.56880303013764,150.87326049804688,61707600
2023-02-15,150.78461690781828,153.1383177826238,150.55811427879883,152.9709014892578,65573800
2023-02-16,151.17852906062296,153.95570692832584,151.02097051495025,151.37550354003906,68167900
2023-02-17,150.03614908014094,150.6762710180938,148.5589307368263,150.2331085205078,59144100
2023-02-21,147.9188390818426,149.00213887625634,146.15603126407484,146.22496032714844,58867200
2023-02-22,146.60900607426132,147.67260518894304,144.92498541296462,146.64840698242188,51011300
2023-02-23,147.8105044744373,148.05670759936388,145.00379786650186,147.1309814453125,48394200
2023-02-24,144.87576101262292,144.9545478123535,143.50687229977612,144.48184204101562,55469600
2023-02-27,145.46664446890208,146.90446214048941,145.21058363066865,145.67344665527344,44998500
2023-02-28,144.81668575965537,146.81585399639758,144.60002580056587,145.1712188720703,50547000
2023-03-01,144.59999202590106,144.99391093566584,142.80762642427203,143.1030731201172,55479000
2023-03-02,142.18720807379,144.48182259076125,141.71448733904464,143.6939697265625,52238100
2023-03-03,145.79161175732688,148.8149928448926,145.0924034132026,148.7362060546875,70732300
2023-03-06,151.4543124625378,153.926201531547,151.1293375512549,151.49371337890625,87558000
2023-03-07,151.36568955134143,151.69067950386318,148.83472905134718,149.29759216308594,56182000
2023-03-08,150.48917721139935,151.1391569879468,149.5240652876753,150.5482635498047,47204800
2023-03-09,151.22781194000862,152.19292402611515,147.94838436334126,148.30291748046875,53833600
2023-03-10,147.92866457828165,148.64757336129242,145.3681465462101,146.24462890625,68572400
2023-03-13,145.56513330123872,150.81418573238946,145.45680332509693,148.1847381591797,84457100
2023-03-14,148.98240499263105,151.07020228030825,147.82033368029548,150.2725067138672,73695900
2023-03-15,148.8937927615987,150.92250395033966,147.64307677577528,150.6664581298828,77167900
2023-03-16,149.84905684492745,154.08375312665916,149.33695019463687,153.48301696777344,76161100
2023-03-17,153.70956507504528,154.35954505108717,151.9368992435896,152.64596557617188,98944600
2023-03-20,152.7148458265595,155.4230795673691,151.80880531492744,155.0094451904297,73641400
2023-03-21,154.93070734117964,156.9791040860205,154.16253977805687,156.86093139648438,73938300
2023-03-22,156.88061300312046,159.6774765177441,155.41323716716616,155.4329376220703,75701800
2023-03-23,156.41776312286146,159.0964541870748,155.28521978995877,156.5162353515625,67622100
2023-03-24,156.44731907052963,157.9048374069247,155.4526638252611,157.8162078857422,59196500
2023-03-27,157.51092158923748,158.3283178086609,155.4723523985585,155.87612915039062,52390300
2023-03-28,155.57083875533723,156.08294548571627,153.61105638332387,155.2556915283203,45992200
2023-03-29,156.94954647836764,158.60403911493316,156.92986104995282,158.3282928466797,51305700
2023-03-30,159.07673846378026,160.0024644815908,158.82069266127598,159.89413452148438,49501700
2023-03-31,159.972908545837,162.49402556851254,159.45095924162882,162.39553833007812,68749800
2023-04-03,161.77514833228696,163.76445869825218,161.7259047034759,163.6462860107422,56976200
2023-04-04,164.06975594835677,164.30610131295074,162.60238002597387,163.11448669433594,46278300
2023-04-05,162.23798454444034,162.54327395468036,159.3426339632527,161.27285766601562,51511700
2023-04-06,159.96306777674639,162.45465692468338,159.5396056660462,162.15921020507812,45390100
2023-04-10,158.96846226773465,159.56919860839844,157.64881687252208,159.56919860839844,47716900
2023-04-11,159.88431146406083,159.89415417908276,158.07224508795338,158.35784912109375,47644200
2023-04-12,158.77148810772155,159.5987270827998,157.35335556356011,157.6685028076172,50133100
2023-04-13,159.1752417539843,163.28190788405584,158.96842452673738,163.04554748535156,68445600
2023-04-14,162.09027277975596,163.794009087704,161.33197803499354,162.70086669921875,49386500
2023-04-17,162.58266215472722,162.8781088558677,161.53876350080176,162.7205352783203,41516200
2023-04-18,163.57736611842117,164.86746811951792,163.13418846133288,163.94174194335938,49923000
2023-04-19,163.2819130529251,165.60607111909823,163.02585218946155,165.08412170410156,47720200
2023-04-20,163.56749547193866,165.32046042282218,163.04554607797024,164.11898803710938,52456400
2023-04-21,162.5432913390932,163.9220227028112,161.991798793606,162.5137481689453,58337300
2023-04-24,162.49404087672,163.08493430890758,161.40089854610392,162.81903076171875,41949600
2023-04-25,162.68116189989732,163.78414697340926,161.24332919160244,161.28273010253906,48714100
2023-04-26,160.58349205788602,162.76977657727082,160.32744626830737,161.27285766601562,45498800
2023-04-27,162.68119712191097,166.00001080225775,162.68119712191097,165.852294921875,64902300
2023-04-28,165.93103698503495,167.2703823718156,165.33030085507355,167.1029510498047,55275900
2023-05-01,166.70902333840385,167.86125191507637,166.07874407354768,167.01431274414062,52472900
2023-05-02,167.50673256610264,167.76279339985444,164.99545801480568,165.9802703857422,48425700
2023-05-03,166.9256982160475,168.32412999077732,164.62124085601573,164.90682983398438,65136000
2023-05-04,162.38575411076772,164.50309525641927,161.81456098159026,163.27207946777344,81235400
2023-05-05,168.38322333782398,171.65280778469676,168.1665634032941,170.93389892578125,113453200
2023-05-08,169.86041647416434,171.2096195052504,169.49604074216262,170.86492919921875,55962800
2023-05-09,170.42179836441701,170.9043468501181,168.993823309898,169.16123962402344,45326900
2023-05-10,170.39228007410486,171.38693538928501,169.289279744913,170.924072265625,53724500
2023-05-11,171.20964753246403,171.93839911576495,169.5551548305296,171.1111602783203,49514700
2023-05-12,171.21964497087455,171.65356424240227,168.63587209674515,170.18417358398438,45533100
2023-05-15,170.76601261404946,170.815324358024,169.09937498339835,169.6910858154297,37266700
2023-05-16,169.61219003463674,170.74628490689332,169.42481443623242,169.6910858154297,42110300
2023-05-17,169.3360585337975,170.53917778241149,168.06388478776768,170.30250549316406,57951600
2023-05-18,170.60822168470452,172.8172584115987,170.1940301198803,172.6298828125,65496700
2023-05-19,173.9513327998332,173.9513327998332,172.5213826746833,172.73834228515625,55809500
2023-05-22,171.57465110395842,172.2945693897219,171.05197977463047,171.79161071777344,43570900
2023-05-23,170.73642708015296,170.9829707500323,168.9119979039132,169.18812561035156,50747300
2023-05-24,168.72461766792532,170.03623176135926,168.16250594092847,169.46424865722656,45143500
2023-05-25,170.02632942855666,171.49571963245498,169.3162826671161,170.5983123779297,56058300
2023-05-26,170.92377905521317,173.3399036765556,170.7166757800904,173.0045928955078,54835000
2023-05-30,174.51347436884586,176.51540772383512,174.1288668535482,174.84877014160156,55964400
2023-05-31,174.87833424607143,176.87041104464083,174.3162075312564,174.7994384765625,99625300
2023-06-01,175.24324745233199,177.6297885060057,174.4838886927619,177.60020446777344,68901800
2023-06-02,178.52716847079088,179.26679934554073,176.78163539298924,178.44827270507812,61996900
2023-06-05,180.10506441660397,182.39298156722955,175.57851175717974,177.09722900390625,121946500
2023-06-06,177.48186345973468,177.62978364684957,174.97697127382227,176.7323760986328,64848400
2023-06-07,175.97299569419778,178.70470351330488,174.8684849721747,175.361572265625,61944600
2023-06-08,175.44044804834044,178.3398036598064,175.00654388250445,178.07354736328125,50214900
2023-06-09,178.99068805786467,179.71059129506313,178.13272098000036,178.45816040039062,48900000
2023-06-12,178.7638742754878,181.34764691680866,178.468018885392,181.2490234375,54274900
2023-06-13,180.272706433175,181.60403301510047,179.91768300176238,180.77565002441406,54929100
2023-06-14,180.83486192307942,181.84076439721946,179.5035350184376,181.40684509277344,57462900
2023-06-15,181.4167083517838,183.9413132306641,181.23918907707676,183.4383544921875,65433200
2023-06-16,184.14839232814637,184.4048073735327,181.7224110612984,182.36341857910156,101256200
2023-06-20,181.86046794433722,183.52710548415504,181.86046794433722,182.45216369628906,49799100
2023-06-21,182.34367850052172,182.84663717983523,180.0656175699355,181.41668701171875,49515700
2023-06-22,181.19971869233248,184.46395407144706,181.1306792503188,184.41464233398438,51245300
2023-06-23,182.9846778693447,184.96688315796402,182.45213522308205,184.0990447998047,53117000
2023-06-26,184.24700235631448,185.4501365723536,182.6691169769034,182.7085723876953,48088700
2023-06-27,183.31999439512526,185.78543087633778,183.10303478095216,185.45999145507812,50730800
2023-06-28,185.33178721386028,187.27455239917202,185.00636283468697,186.633544921875,51216800
2023-06-29,186.46594356978457,187.4422620944007,186.32787969186418,186.96888732910156,46347300
2023-06-30,188.98063939826477,191.79122791985353,188.6157445714927,191.2882843017578,85213200
2023-07-03,191.10090642215079,191.19952989799955,189.10882958307744,189.79916381835938,31458200
2023-07-05,188.92150180749704,190.31199675191496,187.98462376800288,188.684814453125,46920300
2023-07-06,187.21536187872596,189.36523009534062,186.5842108059987,189.1581268310547,45094300
2023-07-07,188.76369580404943,190.0062704618662,187.60987325439862,188.0437774658203,46815000
2023-07-10,186.6434031135775,187.36332142042107,184.4540942539423,186.0023956298828,59922200
2023-07-11,186.5447914459214,186.68285528837708,184.02018687082855,185.47972106933594,46638100
2023-07-12,187.0575799007695,189.04965668897157,185.864317131752,187.14634704589844,60750200
2023-07-13,187.86624506525828,188.5467078881079,187.15619821079162,187.9056854248047,41342300
2023-07-14,187.59997248992855,188.53683526319492,187.00827681367923,188.05361938476562,41616200
2023-07-17,189.2469126832782,191.6334686208352,189.1581605746784,191.3080291748047,50520200
2023-07-18,190.67688432979497,191.6433313227349,189.75973403360663,191.05162048339844,48288200
2023-07-19,190.43028484435905,195.48934934189043,189.98649432100476,192.4026336669922,80507300
2023-07-20,192.39277822300156,193.7537038386121,189.83858989767532,190.4598846435547,59581200
2023-07-21,191.4164870851642,192.2744541324422,188.58615588066942,189.28634643554688,71951700
2023-07-24,190.73603816687742,192.21530010696893,189.59207198839397,190.0851593017578,45377800
2023-07-25,190.65713123041024,191.75178560391285,190.2527960456413,190.943115234375,37283200
2023-07-26,190.9924625294884,192.93522799592873,190.6473103947794,191.8109893798828,47471900
2023-07-27,193.3099676892758,194.4736466049838,189.88794029801272,190.54867553710938,47460200
2023-07-28,191.97860770429688,193.91151654263126,191.4559363697747,193.12257385253906,48291400
2023-07-31,193.34940127389015,193.77346420221568,192.56045853696887,193.7340087890625,38824100
2023-08-01,193.52693454400202,194.01015053136803,192.58020018161,192.9056396484375,35175100
2023-08-02,192.3434921357412,192.48155598125388,189.19760772385698,189.91751098632812,50389300
2023-08-03,188.92147165885288,189.7103992851957,188.05363321247987,188.52699279785156,61235200
2023-08-04,182.95511789971007,184.78940327661547,179.40488328381886,179.4739227294922,115956800
2023-08-07,179.61197056531847,180.59814508763776,174.89805755245857,176.3773193359375,97576100
2023-08-08,177.20572916857282,177.77771228390873,175.12490000933562,177.314208984375,67823000
2023-08-09,178.36941190145535,178.42857997538025,174.5627769846933,175.72647094726562,60378500
2023-08-10,176.99859377509202,178.25103959448677,175.1445959609342,175.5094757080078,54686900
2023-08-11,175.10462674008653,176.3883728930982,174.34424265962002,175.56874084472656,52036700
2023-08-14,175.74649049543365,177.44500246999712,175.09473274674426,177.21788024902344,43675600
2023-08-15,176.6451282666605,177.23762299403361,174.8379899652799,175.2329864501953,43622600
2023-08-16,174.91696892783438,176.30934114560378,174.29483523239298,174.3639678955078,46964900
2023-08-17,174.92688028330798,175.29225282363015,171.31260330101006,171.82611083984375,66062900
2023-08-18,170.14734105941557,172.91236175457905,169.81159252872837,172.3099822998047,61172200
2023-08-21,172.88274314562352,173.92949746098708,171.56935789788312,173.6431121826172,46311900
2023-08-22,174.8479032864534,175.46015251147782,174.0480254103657,175.01577758789062,42038900
2023-08-23,176.289654759779,179.2817980823254,176.10202612434662,178.85716247558594,52722800
2023-08-24,178.4127876208845,178.8374232276998,173.8110039705464,174.1763916015625,54945800
2023-08-25,175.16386577811136,176.91174101480664,173.62335841851225,176.3784942626953,51449600
2023-08-28,177.8400250704037,178.33377827348758,176.31927183489213,177.93878173828125,43820700
2023-08-29,177.4548654120463,182.58989476243158,177.25736718090633,181.81964111328125,53003900
2023-08-30,182.62940848986258,185.50305529692773,182.43191025327192,185.3055419921875,60813900
2023-08-31,185.49317264844964,186.75717945843076,185.1376697913831,185.52279663085938,60794500
2023-09-01,187.1225652663115,187.54718572230075,185.92767607044595,187.0929412841797,45766500
2023-09-05,185.92768366781115,187.6064413525269,185.26605625958229,187.32994079589844,45280000
2023-09-06,186.04618648324464,186.4905763861184,179.20277485131902,180.62478637695312,81755800
2023-09-07,172.99135904079122,175.98351721110967,171.3718491931888,175.3416290283203,112488800
2023-09-08,176.121746745329,177.9881329660241,175.56873058484743,175.953857421875,65551300
2023-09-11,177.82027676778657,178.0473990105972,175.12437356668377,177.119140625,58953100
2023-09-12,177.2475294233725,177.8795329175836,172.63587633671216,174.09738159179688,90370200
2023-09-13,174.30474566083996,175.0848841389881,171.80635572558617,172.0334930419922,84267900
2023-09-14,171.82610607332606,173.89987544974738,171.41135521167203,173.54437255859375,60895800
2023-09-15,174.2750911398521,174.29484548306786,171.64833608181547,172.82345581054688,109259500
2023-09-18,174.2751007250675,177.13887792290447,173.9689761950564,175.74649047851562,67257600
2023-09-19,175.30211073798526,177.38574949277796,174.91698390976052,176.83274841308594,51826900
2023-09-20,177.0203888259045,177.45489404541186,173.20861358406935,173.29750061035156,58436200
2023-09-21,172.36922214048295,174.0973581099587,171.6878404044714,171.7569580078125,63149100
2023-09-22,172.48773574692532,174.8676297137013,171.87548661966315,172.60623168945312,56725400
2023-09-25,172.02357992644104,174.75897636563758,171.97420160197885,173.88009643554688,46172700
2023-09-26,172.63585300181884,173.01109513731117,169.51532957863083,169.81158447265625,64588900
2023-09-27,170.46331542744704,170.87806622328196,166.93792612877573,168.30067443847656,66921800
2023-09-28,167.2243249736919,169.8807195182162,165.5258128129139,168.55746459960938,56294400
2023-09-29,169.87084635964763,170.90773103963988,168.21182785802986,169.0709686279297,51861100
2023-10-02,169.0808338409062,172.12235512412923,168.79444856905252,171.5792236328125,52164500
2023-10-03,170.1078282132375,171.46072207785286,168.6858318118607,170.24607849121094,49594600
2023-10-04,168.95244285882518,172.03347264460572,168.83394692911625,171.49034118652344,53020300
2023-10-05,171.6187292983148,173.25799352598938,170.52259660006877,172.72474670410156,48527900
2023-10-06,171.6285909459562,175.76624458491796,171.016326818613,175.27249145507812,57266700
2023-10-09,174.60098214625398,176.81300162773064,173.60360623261292,176.75375366210938,42390800
2023-10-10,175.87486944103904,177.4746247468579,175.72673446240606,176.16123962402344,43698000
2023-10-11,175.9736185461729,177.60301297187604,175.3811238107674,177.5536346435547,47551100
2023-10-12,177.8202822818536,180.0619109305439,176.80313684087554,178.45228576660156,56743100
2023-10-13,179.1533769286896,179.65699967721181,175.9143577270369,176.61549377441406,51427100
2023-10-16,174.54171793626585,176.8426091520335,174.3047110276888,176.4871063232422,52517000
2023-10-17,174.44298390478113,176.19087429527403,172.61610626933813,174.93673706054688,57549400
2023-10-18,173.3863659573123,175.36137864838344,172.9222367694585,173.6431121826172,54764400
2023-10-19,173.84060845589931,175.61812287122567,173.00123711265553,173.2678680419922,59302900
2023-10-20,173.11974130623128,173.2283676109075,170.48310107616433,170.72010803222656,64244000
2023-10-23,168.77472302133776,171.8359838309846,167.80695589693704,170.83860778808594,55980100
2023-10-24,170.8879597127696,171.50020876645127,169.3079436842464,171.27308654785156,43816600
2023-10-25,169.73261037900426,170.89786073622298,168.5179666183954,168.9623565673828,57157000
2023-10-26,168.24146504420852,169.23885617849143,163.6001878537521,164.80494689941406,70625300
2023-10-27,164.8247009041889,166.8490920877316,164.74569858206283,166.1183319091797,58499100
2023-10-30,166.90832288755587,169.03145545417337,166.7601878982554,168.16244506835938,51131000
2023-10-31,167.23421730907862,168.76484019690602,165.80232095364974,168.636474609375,44846000
2023-11-01,168.86358325166134,172.05322449399938,167.99457285522465,171.79647827148438,56934900
2023-11-02,173.32711052996643,175.5588693503195,173.26786256268767,175.35150146484375,77334800
2023-11-03,172.06309922812656,174.61086723243213,171.1842192438163,174.44297790527344,79829200
2023-11-06,174.17636920813592,177.18825142381783,174.00849494223715,176.99075317382812,63841300
2023-11-07,176.94139988237026,180.1606805785339,176.7340319643902,179.54843139648438,70530000
2023-11-08,180.07176426042716,181.1580120556029,179.3212498937122,180.60501098632812,49340300
2023-11-09,180.67417400336535,181.81966995293175,179.53853262491765,180.13104248046875,53763500
2023-11-10,181.91086536697577,184.48177017271385,181.47578777634308,184.31365966796875,66133400
2023-11-13,183.74018560328048,183.94782669363863,182.1482051958573,182.73159790039062,43627500
2023-11-14,185.59914075952597,186.0045554032819,184.21481647353394,185.34205627441406,60108400
2023-11-15,185.7474724520267,187.3789985945617,185.6782486931539,185.90567016601562,53790500
2023-11-16,187.44820698590362,188.82264852852316,186.5384909930313,187.58663940429688,54412900
2023-11-17,188.1206090057824,188.24915879673333,186.45941980581802,187.56687927246094,50922700
2023-11-20,187.7646375447921,189.76203272766995,187.75475490242272,189.3071746826172,46505100
2023-11-21,189.2676114417462,189.37638084971888,187.61630503925363,188.5062255859375,38134500
2023-11-22,189.3467095850447,190.77057938008178,188.6940931656517,189.16871643066406,39617700
2023-11-24,188.73367065803237,188.76333367409984,187.13180743837248,187.84375,24048300
2023-11-27,187.79430602014355,188.53591159550703,186.78571821300812,187.66575622558594,40552600
2023-11-28,187.65586514519703,188.94131776896225,187.28011350908017,188.2689208984375,38415400
2023-11-29,188.76331653900834,189.93999969621768,186.85492560121705,187.2504425048828,43014200
2023-11-30,187.7151899349547,188.18982834207452,186.08366378848976,187.82395935058594,48794400
2023-12-01,188.19966916513812,189.4158977511225,187.11197525051801,189.0994873046875,45704800
2023-12-04,187.85360043262926,187.92282418358675,185.35191925319242,187.30975341796875,43389500
2023-12-05,188.081033613139,192.2241233156588,188.05135551468544,191.25509643554688,66628400
2023-12-06,192.27355320919483,192.58008102103562,189.95974802820277,190.1674041748047,41089700
2023-12-07,191.46276025185608,192.81742141001197,191.42319951100376,192.09559631347656,47477700
2023-12-08,192.02637677770835,193.79635031367135,191.50231010992096,193.5194854736328,53406400
2023-12-11,190.948598334338,191.32434997590968,189.27751140798418,191.01780700683594,60943700
2023-12-12,190.91889435682484,192.54053754746204,189.5741159727842,192.53065490722656,52696900
2023-12-13,192.90640609677627,195.7838388648497,192.66910200901862,195.74429321289062,70404200
2023-12-14,195.80361960949875,197.38570218691584,193.96443748585023,195.89260864257812,66831600
2023-12-15,195.3190970971854,196.17935458626624,194.79503045579114,195.35865783691406,128538400
2023-12-18,193.89523770867535,194.42920214917604,192.21426816132805,193.69747924804688,55751900
2023-12-19,193.964464462268,194.74561567460933,193.6974822378966,194.73573303222656,40714100
2023-12-20,194.69614571593394,195.46741418063525,192.64932250976562,192.64932250976562,52242800
2023-12-21,193.9051267903215,194.8741537657828,191.33422165280876,192.50100708007812,46482500
2023-12-22,192.9954077755279,193.2228443252002,190.81015202156473,191.43310546875,37149600
2023-12-26,191.44298138124012,191.719846217368,190.6717128965979,190.88925170898438,28919300
2023-12-27,190.3355425015734,191.33423254727063,188.95120308408815,190.98814392089844,48087700
2023-12-28,191.96704448132198,192.48122849088116,191.00790021395272,191.41331481933594,34049900
2023-12-29,191.72973752393827,192.2241411947973,189.5840274029703,190.3750762939453,42672100
2024-01-02,185.0552423339783,186.33081193952935,181.8317366265528,183.56214904785156,82488700
2024-01-03,182.15808112880916,183.79950485996184,181.37691491631995,182.187744140625,58414500
2024-01-04,180.11123597031312,181.04071720671112,178.85546161628733,179.87393188476562,71983600
2024-01-05,179.95304619735901,180.7144169560074,178.15340966673114,179.152099609375,62379700
2024-01-08,180.0519005320401,183.52262348166371,179.46850790157933,183.48306274414062,59144500
2024-01-09,181.8614486084712,183.07767744176536,180.68476543102267,183.0677947998047,42841800
2024-01-10,182.28664662503843,184.31368968460146,181.86145160567418,184.10604858398438,46792900
2024-01-11,184.45208965863696,184.9563909902637,181.56477442626638,183.51272583007812,49128400
2024-01-12,183.97745217005283,184.64984886412603,183.11719479522333,183.83901977539062,40477800
2024-01-16,180.12114381484557,182.1976301200088,178.90489995610474,181.57469177246094,65603000
2024-01-17,179.24109293861534,180.88250149305736,178.2819487070673,180.6352996826172,47317400
2024-01-18,184.00712853391946,187.0229935165519,183.75004409317066,186.51870727539062,78005800
2024-01-19,187.21088801676132,189.80155831594578,186.70660172518024,189.41592407226562,68903000
2024-01-22,190.14763349819026,193.14371820043874,190.1080727596782,191.71983337402344,60133900
2024-01-23,192.83720939883855,193.55903452389106,191.66052626402544,192.9954071044922,42355600
2024-01-24,193.23271418014866,194.18197579456825,192.16480052192722,192.32301330566406,53631300
2024-01-25,193.03493940214616,194.07318996151886,190.9485556432544,191.99668884277344,54822100
2024-01-26,192.0955650921974,192.58007092887775,189.79164267206622,190.26626586914062,44594000
2024-01-29,189.86086444187634,190.04874022336423,187.45807019569023,189.58399963378906,47145600
2024-01-30,188.80289920326751,189.65327422408475,185.37173610317973,185.9353485107422,55859400
2024-01-31,184.94652570867123,185.00586682539145,182.28664653050623,182.33607482910156,55467800
2024-02-01,181.93065217781273,184.857513201702,181.7625567551165,184.76852416992188,64885400
2024-02-02,177.84687547061628,185.2332669548565,177.24370243482153,183.76983642578125,102551700
2024-02-05,186.04405574436143,187.1317496241401,183.75991368482568,185.57931518554688,69668800
2024-02-06,184.76855142564483,187.1911265388062,184.67956238073768,187.18124389648438,43490800
2024-02-07,188.50622203381667,188.91163664571195,186.49894443287428,187.2899932861328,53439000
2024-02-08,187.27021997882892,187.418535043408,185.2530596605407,186.2122039794922,40962000
2024-02-09,186.77650719907678,188.10321111496148,186.13296840440984,186.9745330810547,45155200
2024-02-12,186.54881961012742,186.79633688725167,184.93500212895557,185.2914276123047,41781900
2024-02-13,183.92512331150874,184.360756090923,181.68755769129083,183.20236206054688,56529500
2024-02-14,183.47962222785034,183.68752828939827,180.62821823999963,182.32122802734375,54630500
2024-02-15,181.727184392981,182.65785175424014,179.54903541760635,182.0341033935547,65434500
2024-02-16,181.59845842120637,183.0142649801448,179.86583763061847,180.49948120117188,49752500
2024-02-20,179.98463913307552,180.61828269677792,178.21242224791314,179.75692749023438,53665600
2024-02-21,180.13319878852892,181.07376153905057,178.8659113780299,180.50942993164062,41371400
2024-02-22,181.65785591778803,183.12316891523534,180.6479964148563,182.5390167236328,52292200
2024-02-23,183.17267506039363,183.20237592421455,180.42028422645075,180.70741271972656,45119700
2024-02-26,180.43017719516277,180.94500218994074,178.8559560281093,179.36090087890625,40867400
2024-02-27,179.30151026553332,182.09349711935678,177.77679547469845,180.81631469726562,54318900
2024-02-28,180.69748823755316,181.30143093346823,178.34113428414614,179.61831665039062,48953900
2024-02-29,179.4698267249393,180.75691955299587,177.74710108364005,178.95498657226562,136682600
2024-03-01,177.76690051629518,178.73716395290236,175.61845249589473,177.8758087158203,73563100
2024-03-04,174.4006903756998,175.14324230481677,172.06412636778813,173.3611297607422,81510100
2024-03-05,169.0641855800497,170.33147275577412,167.93550746706842,168.4305419921875,95132400
2024-03-06,169.36119643359416,169.53941670485264,167.00482743895031,167.44046020507812,68587700
2024-03-07,167.47017484778516,169.0344857697736,166.81674075207243,167.32167053222656,71765100
2024-03-08,167.3216394265741,171.9749601051527,167.26223771139365,169.03445434570312,76267000
2024-03-11,171.22256991091453,172.64827197645664,170.34140892696936,171.03445434570312,60139500
2024-03-12,171.43045147590772,172.3017170819102,169.31170429451927,171.50965881347656,59825400
2024-03-13,171.05423942259554,171.4700666239107,169.06419090034882,169.43052673339844,52488700
2024-03-14,171.19284931228447,172.57893998999515,170.34138929390355,171.28195190429688,72913500
2024-03-15,169.47013396047814,170.90573120117188,168.5988682774061,170.90573120117188,121752700
2024-03-18,173.82643054023092,175.94517770513775,171.7967859641753,171.9947967529297,75604200
2024-03-19,172.6086191723699,174.85607994565953,171.31163124958826,174.3313446044922,55215200
2024-03-20,173.97494430389506,176.89564514160156,173.35119593354977,176.89564514160156,53423100
2024-03-21,175.29172116809335,175.72735394947048,169.14338597139206,169.66812133789062,106181300
2024-03-22,170.05425166968308,171.33144918231721,168.37113733503185,170.569091796875,71160100
2024-03-25,168.87610215909345,170.23249206020807,167.76721443821097,169.1533203125,54288300
2024-03-26,168.31174106723407,169.71763732680742,167.8959138727621,168.02462768554688,57388400
2024-03-27,168.71767294274684,171.87599567632833,168.42064920188324,171.5888671875,60273300
2024-03-28,170.04434616825796,170.51957504542207,168.8166552027259,169.7770233154297,65672700
2024-04-01,169.48991432845702,169.54931605122675,167.79688969325008,168.3414306640625,46240500
2024-04-02,167.40087579338118,167.65828830624176,166.55931106297376,167.1632537841797,49329500
2024-04-03,167.11373478373662,168.98496453257434,166.90582876011774,167.96519470214844,47691700
2024-04-04,168.59885072968464,170.21266810452119,167.14346313476562,167.14346313476562,53704400
2024-04-05,167.90579979250484,168.69785802201392,167.27215623034843,167.89590454101562,42104800
2024-04-08,167.35135668326646,167.51966659518817,166.5692088446593,166.77711486816406,37425500
2024-04-09,167.02466284236104,168.3909631058002,166.6781477036779,167.9850311279297,42373800
2024-04-10,167.12365945587084,167.4107728345435,165.45044033625643,166.11378479003906,49709300
2024-04-11,166.66822184170525,173.7175238179071,166.49001666248702,173.3016815185547,91070300
2024-04-12,172.52944039553972,176.58872985356905,172.47994902506244,174.7967071533203,101670900
2024-04-15,173.61848833629102,174.87588010863277,170.78689058947398,170.97500610351562,73531800
2024-04-16,170.04436539186383,172.0343988146065,166.59892920522176,167.69790649414062,73711200
2024-04-17,167.92563121825307,168.95529649982927,166.3316192626953,166.3316192626953,50901200
2024-04-18,166.36129252101995,166.96523521407434,164.8959946340493,165.38111877441406,43122900
2024-04-19,164.559379327856,164.74747975255278,162.45052746983075,163.36138916015625,68149400
2024-04-22,163.8762094876148,165.59891971474525,163.1336578084027,164.19302368164062,48116400
2024-04-23,163.70792820716713,165.39104261951863,163.28219064755024,165.24252319335938,49537800
2024-04-24,164.88609429896647,167.6186945681344,164.55938480415762,167.3414764404297,48251800
2024-04-25,167.84639438412742,168.91567070440144,166.48009434590165,168.20281982421875,50558300
2024-04-26,168.19292468782604,169.63841695172266,167.49986430971396,167.61868286132812,44838400
2024-04-29,171.64824848286057,174.2818355072499,171.38094074443057,171.77696228027344,68169400
2024-04-30,171.60868084411632,173.2521991943247,168.31174889120035,168.6384735107422,65934800
2024-05-01,167.8959009696714,170.9948217396029,167.43056733625505,167.61868286132812,50383100
2024-05-02,170.79682058773386,171.69778712393833,169.19291342760516,171.31166076660156,94214900
2024-05-03,184.7963833456082,185.14291355827163,180.84601747897057,181.55886840820312,163224100
2024-05-06,180.53910014061182,182.3707188474722,178.62825898838415,179.90545654296875,78569700
2024-05-07,181.6281680754234,183.06376520709566,179.51933122687228,180.58859252929688,77305800
2024-05-08,181.0341248704048,181.25194126160505,179.64801918938014,180.9252166748047,45057100
2024-05-09,180.74699689996783,182.82614787366472,180.3014688648197,182.73704528808594,48983000
2024-05-10,183.31206939842306,183.50044009541958,180.56586910059414,181.47796630859375,50759500
2024-05-13,183.84743912898392,185.49318663872077,183.0344740478803,184.6802215576172,72044800
2024-05-14,185.8996272619275,186.68285108112164,184.69010361608505,185.8203125,52393600
2024-05-15,186.2962297111884,189.01268886802714,185.76085876781028,188.09068298339844,70400000
2024-05-16,188.83423487080034,189.458829238671,188.03119361367854,188.2096405029297,52845200
2024-05-17,187.88250143963285,189.17134019391082,187.5553336316259,188.23941040039062,41282900
2024-05-20,187.70400151197455,190.27175449259957,187.38674246856843,189.39930725097656,44361300
2024-05-21,189.44890089382775,191.07481584379752,189.28036268210627,190.69808959960938,42309400
2024-05-22,190.6187885434668,191.16406816634918,188.63596455316463,189.2605438232422,34648500
2024-05-23,189.3398501117122,189.35968258649532,185.02721720275102,185.2750701904297,51005900
2024-05-24,187.19840810516956,188.94328765804346,186.42509288132968,188.3484344482422,36327000
2024-05-28,189.86528785982966,191.34249703943843,187.47599667367734,188.3583526611328,52280100
2024-05-29,187.98163930401122,190.59896650948673,187.88249204796585,188.65579223632812,53068000
2024-05-30,189.12173915319045,190.52954231443272,188.99286588586446,189.64718627929688,49889100
2024-05-31,189.7959119633218,190.9162123421418,188.27905284340878,190.5989532470703,75158300
2024-06-03,191.24336235629542,193.31542486412093,190.86663609575578,192.36366271972656,50080500
2024-06-04,192.96841099700254,193.64257895328527,191.37223723797064,192.680908203125,47471400
2024-06-05,193.7218709101011,195.20898869639487,193.19642383583022,194.18783569335938,54156800
2024-06-06,194.0093990023229,194.81244022862765,192.50244866402238,192.80978393554688,41181800
2024-06-07,192.978343568532,195.2486855650071,192.47272888451312,195.19911193847656,53103900
2024-06-10,195.20900753042525,195.60558138834554,190.49980075281104,191.4614715576172,97010200
2024-06-11,191.98689659289002,205.3808802210458,191.96707924808354,205.37095642089844,172373300
2024-06-12,205.58908283581826,218.30889945026047,205.1231180281253,211.24014282226562,198134300
2024-06-13,212.8958066808934,214.888539245905,209.7827737762817,212.4001007080078,97862700
2024-06-14,212.01343611534222,213.32209192759066,209.48533280144244,210.6651153564453,70122700
2024-06-17,211.5375569916551,217.06963733267014,210.8931452933454,214.80921936035156,93728300
2024-06-18,215.7213082393038,216.7523850703462,211.17073132176122,212.44964599609375,79943300
2024-06-20,212.0927425591543,212.4000929584359,207.05638337080816,207.87924194335938,86172500
2024-06-21,208.58317289420788,210.07029091430852,205.33134270047418,205.7080841064453,241805100
2024-06-24,205.93610206103614,210.87332959032133,204.8158016590104,206.3524932861328,80727000
2024-06-25,207.35382052419757,209.56468024841507,206.8184646829133,207.27452087402344,55549700
2024-06-26,209.68362348048936,213.01476817493463,208.8310086144187,211.41859436035156,66213200
2024-06-27,212.8462361886446,213.88722177256454,210.5263358320774,212.2613067626953,49772700
2024-06-28,213.91695291908772,214.21437951883613,208.4939285392998,208.81117248535156,82542700
2024-07-01,210.2685364182596,215.6419868499251,210.09999821846176,214.88851928710938,60402900
2024-07-02,214.2936836981781,218.4873670751859,213.25271326862932,218.37831115722656,58046200
2024-07-03,218.11063203893852,219.64732360839844,217.1489612238199,219.64732360839844,37369800
2024-07-05,219.7464397478406,224.5052198536283,219.7464397478406,224.3961639404297,60412400
2024-07-08,225.13972278278513,225.89320550199054,221.3327047505454,225.86346435546875,59085900
2024-07-09,225.97252074204383,227.42989753320916,224.4259205051531,226.71607971191406,48076100
2024-07-10,227.3307677065015,231.0783037422216,227.28119408246098,230.97915649414062,62627700
2024-07-11,229.40283250811748,230.39424455320685,223.83110165559438,225.6156463623047,64710600
2024-07-12,226.95403700304678,230.64209091466597,226.71609267309665,228.56011962890625,53046500
2024-07-15,234.44910163171727,235.1926606193721,231.0882156126273,232.386962890625,62631300
2024-07-16,232.98182214446476,234.2409196318231,230.3347538954296,232.80337524414062,43234300
2024-07-17,227.4794799069808,229.47222770464353,224.6936146131452,226.9143829345703,57345900
2024-07-18,228.3023336745397,228.46096321097224,220.36112971273346,222.2547149658203,66034600
2024-07-19,222.88925101284036,224.85224251867803,221.36246807560826,222.3836212158203,49151500
2024-07-22,225.06043082550624,225.82382229500527,221.17409763275575,222.03663635253906,48201800
2024-07-23,222.44308791792702,224.9910238167192,220.76759935066607,223.0775909423828,39960300
2024-07-24,222.0762625279836,222.86939506256107,215.2652677100796,216.66314697265625,61777600
2024-07-25,217.04981289629316,218.95333716975932,212.77682977395946,215.6221923828125,51391200
2024-07-26,216.8217851678197,217.6050090608147,214.15488466672127,216.08815002441406,41601300
2024-07-29,215.0967318967012,217.41663210574902,213.89711684474761,216.36573791503906,36311800
2024-07-30,217.3075942808937,218.43780333279796,214.26395224147618,216.9209442138672,41643800
2024-07-31,219.53825698895486,221.89782218872546,218.7352157578384,220.17276000976562,50036300
2024-08-01,222.44309097566543,222.55214689360594,215.15622233135366,216.48471069335938,62501000
2024-08-02,217.2679231335739,223.66254232334134,215.84030263063204,217.97183227539062,105568600
2024-08-05,197.38019703112641,211.66644653820467,194.31673780556494,207.4727783203125,119548600
2024-08-06,203.53685401433648,208.18657796978488,199.3431861620261,205.4502716064453,69660500
2024-08-07,205.12311510057037,211.80523672133984,204.61750047992084,208.01805114746094,63516400
2024-08-08,211.27982425167653,212.36045976406422,207.03658185433542,211.4781036376953,47161100
2024-08-09,210.27848952903548,214.91829038971974,210.1496011292121,214.3829345703125,42201600
2024-08-12,214.4623401059105,217.8767320905019,213.9958359256548,215.91146850585938,38028100
2024-08-13,217.380462936734,220.2390393048837,217.380462936734,219.6236572265625,44155300
2024-08-14,218.9288294958838,221.37051708688293,218.06529253738043,220.0702667236328,41960600
2024-08-15,222.9288713384501,223.67329096872731,221.10255033510867,223.0479736328125,46414000
2024-08-16,222.25391598005478,225.14226768918678,221.98592068094572,224.36807250976562,44340200
2024-08-19,224.04054098731652,224.30853630427512,221.38047353975193,224.2092742919922,40687800
2024-08-20,224.09014645304697,225.4797235950926,223.77252016614798,224.8246307373047,30299000
2024-08-21,224.8346020684513,226.28373058529078,223.37553826276908,224.71548461914062,34765500
2024-08-22,226.09511339685906,226.64102413052154,222.2340576918725,222.859375,43695300
2024-08-23,223.98097823318813,226.52192810531062,222.66087229355688,225.15219116210938,38677300
2024-08-26,225.07276614784877,225.58890128123517,222.22412549030662,225.48963928222656,30602200
2024-08-27,224.31844891527626,227.14724957253156,223.21670725505913,226.33334350585938,35934600
2024-08-28,226.22414704916858,228.14971479709,224.0008084384826,224.80479431152344,38052200
2024-08-29,228.3879215868667,231.18693118978345,227.17699792003083,228.08021545410156,51906300
2024-08-30,228.4772755570311,228.68570457235603,225.78743262658827,227.29612731933594,52990800
2024-09-03,226.84948058831634,227.2961293418145,219.52438650802387,221.11248779296875,50190600
2024-09-04,220.01075793789536,220.12986023982222,215.86185105944423,219.206787109375,43840200
2024-09-05,219.9809679444758,223.80231295165626,219.87178579311316,220.7253875732422,36615400
2024-09-06,222.28367202274,223.5640821152314,218.13478104858405,219.17697143554688,48423000
2024-09-09,219.17701543505086,219.6236642204836,215.09759492361837,219.26634216308594,67180000
2024-09-10,217.29112653781655,219.83207646515766,215.1174187834135,218.47227478027344,51591000
2024-09-11,219.81222755985956,221.43008920211523,216.26878297144034,221.0032958984375,44587100
2024-09-12,220.84449248276735,221.8866830044339,218.1844402475294,221.11248779296875,37455600
2024-09-13,221.91644846858938,222.37301734416337,220.25887596851652,220.844482421875,36766600
2024-09-16,214.92882889414335,215.60377723416104,212.32832783334672,214.71047973632812,59357400
2024-09-17,214.14473138540643,215.28616885496612,212.9040318988166,215.17698669433594,45519300
2024-09-18,215.93129206794552,221.05290200683174,215.92135678137058,219.0479278564453,59894900
2024-09-19,223.31594824973243,228.11001204196916,222.9586262544957,227.1670684814453,66781300
2024-09-20,228.2589097535001,231.3556905514529,225.92638886705737,226.5020751953125,318679900
2024-09-23,225.64846451262724,227.742765583781,224.12984974700805,224.78494262695312,54146000
2024-09-24,226.94874349226038,227.64354731931365,224.05047131587074,225.6782684326172,43556100
2024-09-25,223.2564112941643,225.59885242729763,222.3531936181764,224.68569946289062,42308700
2024-09-26,225.6087993733805,226.79986786044512,223.7328623413079,225.82716369628906,36636700
2024-09-27,226.7601514881057,227.81226214161182,225.6087788258606,226.09512329101562,34026000
2024-09-30,228.32835965023514,231.26634216308594,227.94126208675945,231.26634216308594,54541900
2024-10-01,227.81225543239978,227.9412778656533,222.07526286618742,224.52688598632812,63285000
2024-10-02,224.20925878310885,225.67824256269316,221.360617941662,225.09263610839844,32880600
2024-10-03,223.4648504260935,225.12242301224842,221.65839996957536,223.99090576171875,34044200
2024-10-04,226.20430944090455,226.30357145139808,222.46237094034984,225.1125030517578,37245100
2024-10-07,222.8296172342201,224.01076551273388,219.68320530273118,220.04052734375,39505400
2024-10-08,222.63108533790577,224.29857792676054,221.58889489724396,224.09014892578125,31855700
2024-10-09,223.554178398676,228.04055170887608,223.1571606453159,227.8321075439453,33591100
2024-10-10,226.0851959438118,227.7923994519787,225.47973405841245,227.3358154296875,28183500
2024-10-11,227.5938974682738,227.70307961960657,225.6484741750507,225.85691833496094,31759200
2024-10-14,226.99834931201846,230.0058033150611,226.89910245149323,229.57901000976562,39882100
2024-10-15,231.87181141001133,235.72294688412148,230.64103225198252,232.1100311279297,64751400
2024-10-16,229.87679699083486,230.39291705034768,228.1298824963092,230.05545043945312,34082200
2024-10-17,231.69314333147315,232.1100316250369,228.80480686495974,230.42266845703125,32993800
2024-10-18,234.4226930307779,234.4226930307779,232.26884075534687,233.25148010253906,46431500
2024-10-21,232.7055644739604,235.08771628667242,232.7055644739604,234.720458984375,36254500
2024-10-22,232.14974382855843,234.4624093106695,230.86934872103873,234.10508728027344,38846600
2024-10-23,232.33831918874512,233.3904297884605,226.06533615950997,229.0430145263672,52287000
2024-10-24,228.26880958821053,229.10257100562325,226.71049918514768,228.85443115234375,31109500
2024-10-25,228.03061417648678,231.48471683213373,227.86188088691335,229.6881866455078,38802300
2024-10-28,231.58399967772363,232.98349712196287,230.81972458948547,231.66339111328125,36087100
2024-10-29,231.36561495313973,232.5864588417728,230.59141979007921,231.93136596679688,35417200
2024-10-30,230.87925826342104,231.7328600109945,227.8420287171323,228.387939453125,47070900
2024-10-31,227.63359787833264,228.11995749798112,223.69313535160188,224.2291259765625,64370100
2024-11-01,219.32586653780092,223.67328184782377,218.6310779402587,221.25143432617188,65276700
2024-11-04,219.34572401852256,221.13231895883285,218.0752491010658,220.35812377929688,44944500
2024-11-05,220.14969745378525,222.28369429475046,219.49460455688452,221.78741455078125,28111300
2024-11-06,220.95365355112233,224.38791581537038,219.54422098922427,221.06283569335938,54561100
2024-11-07,222.95864433437472,226.18446269494834,222.89909318788202,225.7874298095703,42137700
2024-11-08,225.72780810336752,227.20835428792034,224.9726384261151,225.51914978027344,38328800
2024-11-11,223.57158868270503,224.26714170400084,220.0938084143074,222.8064727783203,42005600
2024-11-12,223.12444853772337,224.15783943194586,221.9420008205612,222.8064727783203,40398300
2024-11-13,222.58788780053936,225.2111273985325,221.34582330978657,223.6908416748047,48566200
2024-11-14,223.5914969737112,227.41704670245966,223.57161969551154,226.77117919921875,44923900
2024-11-15,224.96268496170848,225.4793879673537,222.84621765747355,223.5715789794922,47923700
2024-11-18,223.8199993254601,228.28149999782985,223.74050538640262,226.57241821289062,44633700
2024-11-19,225.53901477922054,228.6988344551977,225.22105418122663,226.8307647705078,36211800
2024-11-20,226.61215353970658,228.47027695087482,224.45593165289552,227.5461883544922,35169600
2024-11-21,227.42694424740614,228.69881686539628,224.27707103239013,227.06922912597656,42108300
2024-11-22,226.6121379068964,229.25525429365297,226.6121379068964,228.41064453125,38168300
2024-11-25,229.99057974831032,231.7692092379923,228.28149797848934,231.39161682128906,90152800
2024-11-26,231.8486905145537,234.07447518116308,231.8486905145537,233.5677032470703,45986200
2024-11-27,232.98148163119754,234.19373774290258,232.32566796514345,233.4385528564453,33498400
2024-11-29,233.31931239062584,236.3002669685808,232.48464874765904,235.8233184814453,28481400
2024-12-02,235.76369091824088,239.26133321145704,235.654388648958,238.06895446777344,48137100
2024-12-03,238.28756099978403,241.21882985808793,237.3833345065081,241.10952758789062,38861000
2024-12-04,241.32814402991647,242.56027739454964,239.7184333911867,241.46725463867188,44383900
2024-12-05,242.4410361127995,242.98753231090083,240.59284370740727,241.49705505371094,40033900
2024-12-06,241.36788746709487,243.0769692456264,240.5431549096241,241.29832458496094,36870600
2024-12-09,240.29475369946152,245.67041216886827,240.21525975684386,245.1835174560547,44649200
2024-12-10,245.32260336553807,246.63423054379348,243.78244060146582,246.197021484375,36914800
2024-12-11,246.3858091597837,249.2077755123232,244.69658964103184,244.92514038085938,45205800
2024-12-12,245.32261935264157,247.1608807008323,244.12029436088807,246.38583374023438,32777500
2024-12-13,246.24673423955153,247.7073880681415,244.676762972136,246.5547637939453,33155300
2024-12-16,246.41563368868003,249.78411156803347,246.07778066556844,249.44625854492188,51694800
2024-12-17,248.49237939681157,252.2185726786221,248.19428090188288,251.87078857421875,51356400
2024-12-18,250.55917390522964,252.6657103008961,246.1672359539693,246.4752655029297,56774100
2024-12-19,245.92875304737495,250.4001849209636,245.52135228225407,248.20420837402344,60882300
2024-12-20,246.4653249902114,253.3811464831127,244.13025293349912,252.8743896484375,147495300
2024-12-23,253.1526187871241,254.0270218726176,251.84099141600396,253.64944458007812,40858800
2024-12-24,253.86804957710976,256.5707679464462,253.6693071300515,256.56085205078125,23234700
2024-12-26,256.55086249805703,258.44874034869076,255.99442012888886,257.3755798339844,27237100
2024-12-27,256.19314630806485,257.05764856283577,251.45343969164696,253.96737670898438,42355300
2024-12-30,250.6287158030117,251.890657464443,249.15811581542044,250.59890747070312,35557500
2024-12-31,250.83739579916153,251.6720594492945,247.84649497663966,248.83021545410156,39480700
2025-01-02,247.34966196417784,247.51859606258614,240.28481431614935,242.3019256591797,55740700
2025-01-03,241.81503295898438,242.62981931594805,240.3543640210219,241.81503295898438,40244100
2025-01-06,242.75898865424097,245.75982034447205,241.65603491404494,243.44461059570312,45045600
2025-01-07,241.4374487975533,243.9911405526811,239.81780708502322,240.67234802246094,40856000
2025-01-08,240.3841480569624,242.16279257722746,238.52602476613023,241.15919494628906,37628900
2025-01-10,238.48628640867517,238.63534322792128,231.52079498772144,235.3463592529297,61710900
2025-01-13,232.04743903723335,233.18020116738663,228.26162915914,232.9119110107422,49630700
2025-01-14,233.2596800887061,234.62097773623856,230.9941559742804,231.79901123046875,39435300
2025-01-15,233.15037337402552,237.44295487436693,232.9416999002932,236.35986328125,39832000
2025-01-16,235.84318609247865,236.49898454969573,226.58234697208553,226.81088256835938,71759100
2025-01-17,230.64637201374376,230.81529094249188,227.0294813062853,228.51995849609375,68488300
2025-01-21,222.57792910461188,222.99526090225285,217.98726416864307,221.2265625,98070400
2025-01-22,218.39463640105285,222.69714881925015,218.39463640105285,222.40899658203125,64126500
2025-01-23,223.3132731450397,225.58872871016843,220.8887607380179,222.24012756347656,60234800
2025-01-24,223.35297985225768,224.19758968028435,220.00437919561992,221.3656768798828,54697900
2025-01-27,222.5978054024586,230.67618150163648,222.5580508531902,228.40072631835938,94863400
2025-01-28,229.3844597561093,238.66516132615985,229.3447052045828,236.74740600585938,75707600
2025-01-29,232.63369919180946,238.33726462451705,232.52439691334908,237.84043884277344,45486100
2025-01-30,237.1547951903121,239.26133146080375,235.7040725307193,236.08164978027344,55658300
2025-01-31,245.62073349000855,245.62073349000855,231.9580244316672,234.50177001953125,100959800
2025-02-03,228.52992572925916,230.35824094469035,224.2671520837408,226.56248474121094,73063300
2025-02-04,225.80729852188347,231.64997406812495,225.21110156992967,231.3220672607422,45067300
2025-02-05,227.0791817096477,231.19289841511937,226.82083777153602,230.99417114257812,39620300
2025-02-06,229.8216550685821,232.31573010563136,228.96711414866223,231.73941040039062,29925300
2025-02-07,231.1233398047693,232.51444580894437,225.81722939017394,226.1848907470703,39707200
2025-02-10,228.36338248973718,229.378010419489,226.00582893863492,226.45346069335938,33115600
2025-02-11,227.0006022518965,233.99365211198233,226.93097805725205,231.39736938476562,53718400
2025-02-12,229.98481838871234,235.71455375787428,229.4675472393098,235.62501525878906,45243300
2025-02-13,235.66481592241834,241.06626881430705,234.33186254170715,240.26052856445312,53614100
2025-02-14,239.981993568851,244.25939586817944,239.72336558929686,243.31439208984375,40896200
2025-02-18,242.86674847770814,243.8913336127375,240.56889220053384,243.18507385253906,48822500
2025-02-19,243.37407429304395,244.716969605811,241.88195827091008,243.5829620361328,32204200
2025-02-20,243.65259654249155,245.4829218502696,243.00600383864503,244.5379180908203,32316900
2025-02-21,244.65729095432025,247.38289505871285,243.93113206298463,244.2593994140625,53197400
2025-02-24,243.64264638435856,247.55199828948733,243.1353323966777,245.80125427246094,51326400
2025-02-25,246.69650753214344,248.68599549611233,243.62275227067275,245.74154663085938,48013300
2025-02-26,243.04579925662603,243.6923767743236,237.87313357927937,239.09666442871094,44433600
2025-02-27,238.15166004001364,241.1856322165831,235.81400561415145,236.05274963378906,41153600
2025-02-28,235.70459571566596,240.8175794410065,228.9900734891547,240.5688934326172,56833400
2025-03-03,240.51913191748446,242.7473638198223,234.8689935924468,236.77890014648438,47184000
2025-03-04,236.46059966619734,238.80819608105105,233.44651142335266,234.68994140625,53798100
2025-03-05,234.18263593082168,235.30670153327668,228.0251680036218,234.50096130371094,47227600
2025-03-06,233.207802772317,236.60982567864426,231.93453157387603,234.09312438964844,45170400
2025-03-07,233.87428329281295,240.1013758235538,233.52611679034464,237.8134765625,46273600
2025-03-10,234.30201287196223,234.9187645202326,223.04151782981955,226.2843780517578,72071200
2025-03-11,222.63368206189284,224.6530114383551,216.30710876648965,219.67929077148438,76137400
2025-03-12,218.98294858814833,220.58448707211764,213.7804415985268,215.8395538330078,62547500
2025-03-13,214.81497612462363,215.70029772842102,207.3245545879158,208.5779266357422,61368300
2025-03-14,210.13968770979585,212.82549370042787,208.47846691122496,212.367919921875,60107600
2025-03-17,212.18883784213668,214.0888025037831,208.8663965620962,212.87521362304688,48073400
2025-03-18,213.03437263106773,214.01915944879542,210.37840804794794,211.5720977783203,42432400
2025-03-19,213.0940604852241,217.6101915579757,212.6265295918345,214.10870361328125,54385400
2025-03-20,212.86527847830126,216.3468825511506,211.10457731145533,212.97470092773438,48862900
2025-03-21,210.44801865955165,217.6897530924643,210.16949157971558,217.1227569580078,94127800
2025-03-24,219.8384246082871,220.3158974796034,217.4311459430569,219.56983947753906,44299500
2025-03-25,219.6096416779903,222.92214108802088,218.92326587520165,222.573974609375,34493600
2025-03-26,222.3352199198642,223.83729303324841,219.31120492080973,220.36563110351562,34466100
2025-03-27,220.22635468753003,223.80743885219795,219.40071541682642,222.67343139648438,37094800
2025-03-28,220.504904155295,222.6336557419088,216.5358700680628,216.7547149658203,39818600
2025-03-31,215.86939419548492,224.43414081005062,215.09349507460487,220.96249389648438,65299300
2025-04-01,218.65466729819107,222.5043215641154,217.74944665223015,222.01690673828125,36412700
2025-04-02,220.15675729790527,224.00641185945875,219.8583310514353,222.71324157714844,35905900
2025-04-03,204.4596791341039,206.39944211542388,200.19223396809613,202.12203979492188,103419000
2025-04-04,192.87092693410324,198.82944937179326,186.35535024633944,187.389892578125,125910900
2025-04-07,176.26863687444822,193.12954493623218,173.70219548773406,180.50625610351562,160466300
2025-04-08,185.71869040589692,189.33955773730443,168.32062862424334,171.5137481689453,120859500
2025-04-09,171.04623198001363,199.55559936553783,170.98654976711688,197.8048553466797,184395900
2025-04-10,188.0762635840202,193.7562435722064,182.0381599544528,189.41915893554688,121880000
2025-04-11,185.12186726950821,198.49121408156802,185.0820690088969,197.1085205078125,87435900
2025-04-14,210.32866545443895,211.82078139531484,200.10269875392328,201.45555114746094,101352900
2025-04-15,200.7990333068026,202.4403549077855,198.7498630049633,201.0775604248047,51343900
2025-04-16,197.31740026825653,199.64509734735063,191.35887885331948,193.2489013671875,59732400
2025-04-17,196.16351652823,197.78495412822454,193.39812938355274,195.94467163085938,52164700
2025-04-21,192.25416731460396,192.78138039340035,188.81234657174457,192.14474487304688,46742500
2025-04-22,195.08918671811182,200.53043756485187,194.93998119085117,198.69017028808594,52976400
2025-04-23,204.9172785719325,206.9067667134076,201.7341005812904,203.52464294433594,52929200
2025-04-24,203.81309077731203,207.73238443559362,201.87334307751462,207.27479553222656,47311000
2025-04-25,205.28531450927932,208.6475540878433,205.1162098506388,208.18002319335938,38222300
2025-04-28,208.8962283982374,210.38834431536768,206.36958545714222,209.03549194335938,38743100
2025-04-29,207.59312493762445,211.12446912484504,207.27479957627347,210.09988403320312,36827600
2025-04-30,208.19990958730307,212.45741243436711,205.58372816909105,211.38308715820312,52286500
2025-05-01,207.98107159612528,213.43226431553572,207.8020097882055,212.19879150390625,57365700
2025-05-02,205.0067917796952,205.9020705063368,201.09745506032002,204.27069091796875,101010600
2025-05-05,202.03251395918386,203.02725796650907,197.1682163705072,197.84463500976562,69018500
2025-05-06,197.1682027308483,199.59536519080132,195.9844550154461,197.46661376953125,51216500
2025-05-07,198.1231564563361,198.39174158064424,192.23427392267118,195.218505859375,68536700
2025-05-08,196.68079799363124,198.99855348942916,193.65676753221484,196.45201110839844,50478900
2025-05-09,197.95407268173315,199.4859718922483,196.5017396407649,197.48654174804688,36453900
2025-05-12,210.1363584051843,210.4351760021984,205.93303241640405,209.95706176757812,63775800
2025-05-13,209.59847136477597,212.55673652410627,208.17412935394688,212.08859252929688,51909300
2025-05-14,211.5905625216416,213.09460539099953,209.7478820292828,211.490966796875,49325800
2025-05-15,210.11643191755599,212.11849916658366,208.71199985896817,210.6144561767578,45029500
2025-05-16,211.52084551122164,211.73002236916358,208.9410837213976,210.42518615722656,54737900
2025-05-19,207.0884445111699,208.65223273202483,203.45285841572866,207.9550018310547,46140500
2025-05-20,206.84938410987283,207.64622592622177,204.2198167548668,206.04258728027344,42496600
2025-05-21,204.3592586621154,206.22186440009241,199.91689108628387,201.2914276123047,59211800
2025-05-22,199.91689038506837,201.94882252859867,198.91087172706415,200.56431579589844,46742400
2025-05-23,192.9047141233614,196.9187884239126,192.69555244631704,194.49839782714844,78432900
2025-05-27,197.51641281084125,199.94677348688452,196.64984031499387,199.4188690185547,56288500
2025-05-28,199.79736291846774,201.9289060786693,199.11008702875665,199.62803649902344,45339700
2025-05-29,202.77554227533128,203.0046291598645,197.72556941325453,199.15988159179688,51396800
2025-05-30,198.5821728136608,201.1619498266407,196.00241099917397,200.05633544921875,70819900
2025-06-02,199.488582384924,201.33127809714276,199.32921098525782,200.90296936035156,35423300
2025-06-03,200.55435521702816,202.9647905668523,200.16589694161215,202.46676635742188,46381600
2025-06-04,202.10821066626008,205.42505409163678,201.30141378953226,202.01856994628906,43604000
2025-06-05,202.69585814733983,203.94091870107042,199.35908978394463,199.8372039794922,55126100
2025-06-06,202.19783403313102,204.8871617909174,201.2515910514923,203.11419677734375,46607700
2025-06-09,203.58233063284266,205.18596915505242,199.22960401477,200.65394592285156,72862600
2025-06-10,199.8073282051838,203.54250994980842,199.77744796710627,201.869140625,54672600
2025-06-11,202.69585666840098,203.69190510411792,197.62597377823997,197.9945068359375,60989900
2025-06-12,198.29333609984755,198.890956077424,196.58013147350607,198.41285705566406,43904600
2025-06-13,198.94075911963023,199.57822954037988,194.92668495173118,195.67372131347656,51447300
2025-06-16,196.52035592822918,197.90486262143017,195.78327462738756,197.63592529296875,43020700
2025-06-17,196.42074594971083,197.60604600468164,194.43861931524052,194.86691284179688,38856200
2025-06-18,195.16573699325735,196.7893008408277,194.2991796996429,195.80320739746094,45394700
2025-06-20,197.45666110928434,200.90298042554332,196.08210930882012,200.20574951171875,96813500
2025-06-23,200.83324176458547,201.50059236215068,198.1737943867686,200.70375061035156,55814300
2025-06-24,201.78945874554142,202.63610603642124,199.4089034764897,199.50851440429688,54064000
2025-06-25,200.6539838527012,202.8652129211553,199.82726170562196,200.7635498046875,39525700
2025-06-26,200.63404307360597,201.8392684520338,198.67184150130464,200.20574951171875,50799100
2025-06-27,201.09222774816857,202.41697405518968,199.20969672208463,200.28543090820312,73188600
2025-06-30,201.211736268348,206.57048164253425,198.4726031076903,204.3592529296875,91912800
2025-07-01,205.85332972802502,209.35942450018746,205.3254252695324,206.99879455566406,78788900
2025-07-02,208.08447525999887,212.4969623845337,207.31751373506327,211.60052490234375,67941800
2025-07-03,211.31166931275297,213.8017903991559,210.97301649264048,212.70614624023438,34955800
2025-07-07,211.8395692407974,215.37554414763466,207.97491173225177,209.120361328125,50229000
2025-07-08,209.26978591644843,210.59451698338924,207.6262968509882,209.1801300048828,42848900
2025-07-09,208.7020406311003,210.49493096772343,206.40117103180637,210.30567932128906,48749400
2025-07-10,209.678147079363,212.6364120977978,209.2000480941239,211.57064819335938,44443600
2025-07-11,209.73791189344956,211.29174491390697,209.0307108656814,210.32557678222656,39765800
2025-07-14,209.10042946873696,210.07656782568804,206.719874444485,207.7956085205078,38840100
2025-07-15,208.39325734338402,211.05270487364396,208.09443976951917,208.28369140625,42296300
2025-07-16,209.46900551017632,211.5606982702429,207.81556132948495,209.32955932617188,47490500
2025-07-17,209.7379389650813,210.9630743588066,208.7618004967043,209.1901092529297,48068100
2025-07-18,210.0367321724359,210.95309492429405,208.87135730762196,210.3455047607422,48974600
2025-07-21,211.26189276464606,214.92734394651046,210.79374875413163,211.640380859375,51377400
2025-07-22,212.29776458434165,214.1006098348481,211.39135685335447,213.5527801513672,46404100
2025-07-23,214.15041924441525,214.29982043425818,211.57065737650467,213.30377197265625,46989300
2025-07-24,213.05475989741393,214.83769515517375,212.68622683006964,212.91531372070312,46022600
2025-07-25,213.85158759699283,214.38946224202752,212.55672164240056,213.0348358154297,40268800
2025-07-28,213.18425263148458,214.00101967144602,212.2180844005514,213.2041778564453,37858000
2025-07-29,213.33363944545516,213.96115480223384,209.9869314052821,210.43515014648438,51411700
2025-07-30,211.06266703997414,211.5507362671114,206.89919168476044,208.22393798828125,45512500
2025-07-31,207.66614913739534,209.01080544085684,206.3414028602417,206.74978637695312,80698400
2025-08-01,210.03674932642843,212.7360475386617,200.7037794341265,201.58030700683594,104434500
2025-08-04,203.70186769022786,207.0585613783641,200.88304868853191,202.5464630126953,75109300
2025-08-05,202.59624780213056,204.52858421879685,201.36115745633876,202.11814880371094,44155100
2025-08-06,204.81744899810374,214.52892145014,204.77759854868273,212.40733337402344,108483100
2025-08-07,218.01508808955717,219.97730473834642,215.7241736307253,219.16053771972656,90224800
2025-08-08,219.95737356583322,230.08718413442585,218.3836152444713,228.44371032714844,113854000
2025-08-11,227.27701087414155,228.91238364576833,224.12592192869855,226.53909301757812,61806100
2025-08-12,227.36676338645532,230.14890113463383,226.42942796921326,229.00213623046875,55626200
2025-08-13,230.4181341091737,234.33703985510917,229.77992501054072,232.6717529296875,69878500
2025-08-14,233.39969406647393,234.4567012802976,230.19875827485632,232.12330627441406,51916300
2025-08-15,233.3398655982593,233.61907447658757,228.69300821277216,230.93666076660156,56038700
2025-08-18,231.04634466466607,232.46233685580373,229.46083388892833,230.23863220214844,37476200
2025-08-19,230.62753117126795,232.2130419457167,228.70298322789472,229.90956115722656,39402600
2025-08-20,229.33119207499826,229.81981519856654,225.13307755654054,225.3723907470703,42263900
2025-08-21,225.63166356522294,225.88095827873425,223.14868274098328,224.26551818847656,30621200
2025-08-22,225.53195134940427,228.44371192910324,224.77410085849388,227.11746215820312,42477800
2025-08-25,225.84107546750252,228.65312729963858,225.59178073979155,226.5191650390625,30983100
2025-08-26,226.22996704217394,228.84258604761433,224.05612439304167,228.6630859375,54575100
2025-08-27,227.96508141122786,230.24861452224957,227.61606269083353,229.83978271484375,31259500
2025-08-28,230.16883391080088,232.7515235304584,228.692998228932,231.90391540527344,38074700
2025-08-29,231.85405874294378,232.7216147258446,230.71727541448905,231.485107421875,39418400
2025-09-02,228.60325464814514,230.19874691737337,226.3296880547272,229.07192993164062,44075600
2025-09-03,236.5408165177042,238.17618932549604,233.69885053091846,237.79725646972656,66427800
2025-09-04,237.7772812570227,239.22318747047024,236.07211403385233,239.10353088378906,47549400
2025-09-05,239.3229322237051,240.63921565449175,237.8171975861315,239.01380920410156,54870400
2025-09-08,238.62491556233425,239.47250850410185,235.6732593017711,237.20892333984375,48999500
2025-09-09,236.33140663047269,238.10638391026913,232.70167593051625,233.6888885498047,66313900
2025-09-10,231.53496736029473,231.76431424305812,225.31256565050364,226.1501922607422,83440800
2025-09-11,226.23996538709508,229.7998863317909,226.01060327291316,229.38107299804688,50208600
2025-09-12,228.57335925244223,233.84842918261825,228.373926506362,233.40968322753906,55824200
2025-09-15,236.33139853346725,237.5180438551372,234.36695488957946,236.03224182128906,42699500
2025-09-16,236.51088466190768,240.53949594661788,235.65332541334,237.4781494140625,63421100
2025-09-17,238.2958480596019,239.42266510979977,237.05934071942244,238.3157958984375,46508000
2025-09-18,239.29302360434258,240.51954939992544,235.98238232851827,237.20892333984375,44249600
2025-09-19,240.5494606794321,245.60516498271895,239.53234916144805,244.8074188232422,163741300
2025-09-22,247.5995237986898,255.9160073848096,247.42002368458668,255.35755920410156,105517400
2025-09-23,255.15815615601056,256.6140289111009,252.86464151383097,253.7122344970703,60275200
2025-09-24,254.49999981420794,255.01853710208397,250.33178410429736,251.59820556640625,42303700
2025-09-25,252.49566170312627,256.4444966190252,250.99989343760635,256.14532470703125,55202100
2025-09-26,253.38317016390945,256.8732963908738,253.06406560531616,254.7393341064453,46076300
2025-09-29,253.8418726304012,254.28063380560434,252.29624220529692,253.7122344970703,40127700
2025-09-30,254.1410137555297,255.1980209495745,252.39595068950493,253.9116668701172,37704300
2025-10-01,254.32049261064776,258.0599285933123,254.21080232618834,254.72933959960938,48713900
2025-10-02,255.85613542550084,257.45162766856953,253.43299812845933,256.40460205078125,42630200
2025-10-03,253.9515436206674,258.5086431914624,253.23357360959045,257.2920837402344,49155600
2025-10-06,257.262186546101,258.339156849437,254.33049322602108,255.9658660888672,44664100
2025-10-07,256.0855101139428,256.6738420114173,254.70939836699205,255.75645446777344,31955800
2025-10-08,255.7963062732735,257.7906639625656,255.3874592951906,257.33197021484375,36496900
2025-10-09,257.08267167133846,257.27213808351553,252.42584836214985,253.32330322265625,38322000
2025-10-10,254.2207817432353,255.6567217403356,243.3116425485481,244.57806396484375,61999100
2025-10-13,248.67648318296307,248.98560621270488,244.86725241658198,246.96133422851562,38142900
2025-10-14,245.90431694508948,248.14796941642882,244.00966795095763,247.07101440429688,35478000
2025-10-15,248.78616738422895,251.10959602979932,246.77186176083558,248.63658142089844,33893600
2025-10-16,247.54965348458146,248.33741809379524,244.43846029169785,246.7519073486328,39777000
2025-10-17,247.3203043073955,252.66518358811555,246.57242016484557,251.5782470703125,49147000
2025-10-20,255.168106265739,263.63416054313814,254.90884523128253,261.50018310546875,90483000
2025-10-21,261.141213133835,264.5415968076956,261.0913359303388,262.0286865234375,46695900
2025-10-22,261.9090501595624,262.1084981259862,254.70941678507808,257.7209167480469,45015300
2025-10-23,259.206686997747,259.8847613495841,257.28213901467177,258.8476867675781,32754900
2025-10-24,260.4531458541269,263.3848541030092,258.44880663072195,262.07855224609375,38253700
2025-10-27,264.13273028939324,268.3607587413759,263.9033682058253,268.0516357421875,44888200
2025-10-28,268.23110734142335,269.12859257872884,267.39348082722177,268.2410888671875,41534800
2025-10-29,268.5203194424725,270.6443152614699,266.35642794866993,268.93914794921875,51086700
2025-10-30,271.2226702585742,273.36662916750566,267.72259312931254,270.63433837890625,69886500
2025-10-31,276.2085578376442,276.53764389728985,268.4006608909581,269.60723876953125,86167100
2025-11-03,269.6571458353552,270.08592548154905,265.4988962118729,268.2909851074219,50194600
2025-11-04,267.5730004152706,270.72408938596277,266.86501191822913,269.2781982421875,49274800
2025-11-05,267.8521863717013,270.93349568379296,266.17693326929896,269.3778991699219,43683100
2025-11-06,267.1342708755924,272.6287059365568,267.1342708755924,269.0089416503906,51204000
2025-11-07,269.03885049148494,271.5218466038475,266.0173996929098,267.7126159667969,48227400
2025-11-10,268.46119877683986,273.2223721938244,266.9639805623884,268.9303283691406,41312400
2025-11-11,269.3096487524697,275.3983427074405,269.2996575494418,274.73956298828125,46208300
2025-11-12,274.49005224267427,275.2187095291286,271.19618380015726,272.962890625,48398000
2025-11-13,273.6016390736082,276.1868626363035,271.58539619817094,272.4438171386719,49602800
2025-11-14,270.5473523374902,275.4482508823214,269.10005949599775,271.90484619140625,47431300
2025-11-17,268.3214829895084,269.98836893107386,265.237217022597,266.9639892578125,45018300
2025-11-18,269.48928956232544,270.20795552947055,264.8279672087311,266.94403076171875,45677300
2025-11-19,265.0376012369211,271.70520656667077,265.0076580872151,268.0619812011719,40424500
2025-11-20,270.327749378444,274.91922505965954,265.42688147061517,265.7562561035156,45823600
2025-11-21,265.4568071090486,272.8230952896135,265.17732758833057,270.98651123046875,59030800
2025-11-24,270.397645153795,276.48633959077114,270.397645153795,275.4083557128906,65585800
2025-11-25,274.75950033189645,279.8600396675645,274.7395483878858,276.45635986328125,46914200
2025-11-26,276.4464065684995,279.0116481613461,276.11703191175064,277.0353088378906,33431400
2025-11-28,276.7458380127342,278.4826014787427,275.4781737009374,278.3328857421875,20135600
2025-12-01,277.4944549964911,282.89442609469603,275.62792768573877,282.57501220703125,46587700
2025-12-02,282.47518456741903,286.86701880065203,282.10587559562896,285.6592712402344,53669500
2025-12-03,285.6692634925469,288.0847586222564,282.77461708045536,283.623046875,43538700
2025-12-04,283.5731318378766,284.20196835267484,278.07334059490756,280.179443359375,43989100
2025-12-05,280.01974631085085,280.6186397013617,277.53434330937836,278.26300048828125,47265800
2025-12-08,277.6142094762677,279.15136205700173,275.6378704438954,277.3746643066406,38211800
2025-12-09,277.6441787437343,279.5107061083118,276.4064879695729,276.6659851074219,32193300
2025-12-10,277.23491184461454,279.2312028389952,275.92734368017386,278.26300048828125,33038300
2025-12-11,278.5824273392719,279.07150890817053,273.3022288840155,277.514404296875,33248000
2025-12-12,277.38461586894516,278.70217518025987,276.30663218031253,277.763916015625,39532900
2025-12-15,279.63046152672615,279.63046152672615,272.33402020742307,273.6016540527344,50409100
2025-12-16,272.3140798989353,274.9891026980292,271.2859911871425,274.1007385253906,37648600
2025-12-17,274.50001118897205,275.6478724530811,271.13626563598973,271.33587646484375,50138700
2025-12-18,273.1025913325419,273.12257373871984,266.4549687260805,271.68524169921875,51630700
2025-12-19,271.6453053723066,274.09077415448866,269.399477884542,273.1625061035156,144632000
2025-12-22,272.3539780142796,273.37210596231955,270.00836035897595,270.4674987792969,36571800
2025-12-23,270.3377490962612,271.99467443806464,269.06012395403746,271.85491943359375,29642000
2025-12-24,271.8349404799371,274.9192064044749,271.69521595033444,273.3022155761719,17910600
2025-12-26,273.65160578690546,274.8593534534055,272.35399820928086,272.89300537109375,21521800
2025-12-29,272.1843267483383,273.8512128461511,271.8449608988494,273.2523498535156,23715200
2025-12-30,272.30405905646904,273.57169281796894,271.77504318392386,272.57354736328125,22139600
2025-12-31,272.553621806917,273.17246717497864,271.24605357156486,271.3558349609375,27293600
2026-01-02,271.7551282774649,277.32476727085935,268.5011639041959,270.5074462890625,37838100
2026-01-05,270.1381413175191,271.00652312062255,265.64648609237463,266.764404296875,45647200
2026-01-06,266.5048844877732,267.05385240251036,261.63392891626114,261.87347412109375,52352100
2026-01-07,262.7119324450406,263.1910228349833,259.3282042611396,259.84722900390625,48309800
2026-01-08,256.5433578451618,258.80916773471864,255.22581364132833,258.55963134765625,50419300
2026-01-09,258.5995368285105,259.7274461787287,255.74485516422806,258.8890075683594,39997000
2026-01-12,258.679389570116,260.81540508500296,256.32375036738995,259.7673645019531,45263800
2026-01-13,258.24022168851656,261.3244878277737,257.9108470550362,260.5658874511719,45730800
2026-01-14,259.0087756526009,261.33447181199796,256.23393227813756,259.4779052734375,40019400
2026-01-15,260.16664839115424,260.55593980217856,256.57331808587395,257.7311706542969,39388600
2026-01-16,257.4217218192236,258.41986733264514,254.4572284259222,255.05612182617188,72142800
2026-01-20,252.26132447540706,254.31750190322293,242.9685916985444,246.2425079345703,80267500
2026-01-21,248.23880604127606,251.09350304772093,244.72532928784554,247.1907501220703,54641700
2026-01-22,248.737864640942,250.53452965267718,247.68980878155546,247.8894500732422,39708300
2026-01-23,246.86136630134166,248.94748685874615,244.22624741136653,247.58001708984375,41689000
2026-01-26,251.01365072947274,256.08423219515316,249.33677343540953,254.93637084960938,55969200
2026-01-27,258.6894015269614,261.4642450011371,257.73115984508394,257.7910461425781,49648300
2026-01-28,257.1721946066941,258.3799421919039,254.03801819206552,255.96444702148438,41288000
2026-01-29,257.52154586161765,259.16847988830324,253.93820707645818,257.801025390625,67253000
2026-01-30,254.6968198516284,261.4143357105436,251.71235892004358,258.99884033203125,92443400
2026-02-02,259.5477742456141,269.98836769074944,258.72928762151224,269.50927734375,73913400
2026-02-03,268.70080609664296,271.3758289780004,267.11372779647115,268.98028564453125,64394700
2026-02-04,271.7850411492978,278.432693698261,271.7850411492978,275.97723388671875,90545700
2026-02-05,277.6142303156022,278.98168486317746,272.72332314901723,275.3983459472656,52977400
2026-02-06,276.6060720438839,280.3890519626743,276.4164219647768,277.6042175292969,50453400
2026-02-09,277.6541982366954,277.9439398399519,271.4499228389202,274.3672180175781,44623400
2026-02-10,274.6369782150198,275.11651686144285,272.68876099546605,273.4280700683594,34376900
2026-02-11,274.44714753122867,279.92208361183503,274.1973776592452,275.24639892578125,51931300
2026-02-12,275.3363333447182,275.46621856633783,259.94051360693726,261.4891052246094,81077200
2026-02-13,261.7688319830923,261.9886306947134,255.21485759663088,255.5445556640625,56290700
2026-02-17,257.8124646511843,266.0449008431299,255.30478047881587,263.6371154785156,58469100
2026-02-18,263.35737977838915,266.57441720150126,262.20844437502524,264.106689453125,34203300
2026-02-19,262.35827847824623,264.2365527856389,259.81060750150084,260.3401184082031,30845300
2026-02-20,258.73163460792017,264.5063132392292,257.9223826043077,264.3364562988281,42070500
2026-02-23,263.24744081710827,269.1819753311392,263.13755670993424,265.9349670410156,37308200
2026-02-24,267.61343657617186,274.6369951599546,267.46358073991865,271.8895263671875,47014600
2026-02-25,271.5298429675081,274.6869380517792,270.8005039088116,273.97760009765625,33714300
2026-02-26,274.6969199809464,275.8558253670768,270.55071567552415,272.6987609863281,32345100
2026-02-27,272.5588900215503,272.5588900215503,262.6480379442022,263.93682861328125,72366500
2026-03-02,262.16844722421786,266.2846497598317,259.960490133898,264.476318359375,41827900
2026-03-03,263.23749216234586,265.31556422164516,259.8905695547566,263.5072326660156,38568900
2026-03-04,264.4063951364299,265.9050144519466,261.179387723623,262.2783508300781,39803100
2026-03-05,260.54995479568396,261.3192350446657,257.01320478174756,260.0504150390625,49658600
2026-03-06,258.39192833924307,258.53178361058343,254.13584003818684,257.2229919433594,41120000
2026-03-09,255.45463216869055,260.9095975388004,253.44647267699952,259.6407775878906,38218500
2026-03-10,257.4128391437035,262.2384104290217,256.71350175461305,260.58990478515625,30590800
2026-03-11,260.8496568052655,261.888707997661,259.3110658747261,260.5699157714844,26218900
2026-03-12,258.4219063383753,258.71164792954545,253.94601921584928,255.52456665039062,40794000
2026-03-13,255.24483747003174,256.0940459350445,249.29033192864068,249.8897705078125,36930000
2026-03-16,251.87794235419486,253.6563027081548,249.6499992581203,252.58729553222656,32074200
2026-03-17,252.72716690012706,254.89516767044782,251.94787083452104,253.99598693847656,32361600
2026-03-18,252.3974721128864,254.70534343896443,248.7708084606242,249.70994567871094,35757900
2026-03-19,249.17043241392184,251.5982036354298,247.0723745163624,248.73085021972656,34864100
2026-03-20,247.7517334570195,248.97061168291066,245.77356028907465,247.76173400878906,88331100
2026-03-23,253.73622734962268,254.3656523266213,250.0496214753341,251.25851440429688,40546100
2026-03-24,250.1195650925759,254.5954370944537,249.32029842391177,251.4083709716797,45152300
2026-03-25,253.86611511385965,254.76528059453105,251.3684162845015,252.38746643066406,28476700
2026-03-26,251.88793104116345,256.76344411909713,250.53918279672283,252.6572265625,41796700
2026-03-27,253.666280215245,255.2548282141602,247.8416601166152,248.57098388671875,47900000
2026-03-30,249.83982057534305,250.63907198816298,245.28400520065438,246.40298461914062,39446200
2026-03-31,247.6818040942864,255.24482803058763,246.87255213324852,253.55638122558594,49598100
2026-04-01,253.8461228128272,255.94418062939917,253.096813183035,255.3946990966797,40059400
2026-04-02,253.96601496217014,255.89424639361263,250.4192795609811,255.68443298339844,31289400
2026-04-06,256.27389167390277,261.9186847371787,256.2239194053331,258.6217041015625,29329900
2026-04-07,255.92421782448065,255.96418954301222,245.47383916108728,253.26666259765625,62148000
2026-04-08,258.2121146377317,259.51090582044134,256.29386854025813,258.66168212890625,41032800
2026-04-09,258.7615948993736,260.879638597066,255.8342992320816,260.2502136230469,28121600
2026-04-10,259.7406946341393,261.94865175168746,258.78155637925676,260.240234375,31291500
2026-04-13,259.49093671136296,259.9405042051452,256.4237552437805,258.96142578125,36234700
2026-04-14,259.01136264890187,261.68888841493145,256.9532612999924,258.59173583984375,48370700
2026-04-15,257.92237663273806,266.3146386359468,257.57269269729437,266.18475341796875,49913500
2026-04-16,266.55439590858066,266.91408037974617,261.0294875448873,263.15753173828125,43323100
2026-04-17,266.7142527536172,272.0493335842862,266.47448343207725,269.98126220703125,61436200
2026-04-20,270.08114756253855,274.0275237795767,270.04120633500696,272.79864501953125,36590200
2026-04-21,271.250098918132,272.5488901425708,265.1557075406741,265.9250183105469,50209800
2026-04-22,267.5734973129919,273.48803128351057,266.62435952726383,272.9185791015625,43249200
2026-04-23,274.79681820267325,275.5161566987003,271.39995382845746,273.1783142089844,33399600
2026-04-24,272.50893317942314,272.80864483253174,269.4017800912603,270.81048583984375,38157100
2026-04-27,265.84505761361925,268.1129570778125,264.8260075108844,267.3636474609375,41466800
2026-04-28,272.0893199684016,272.97851539952296,268.4127145556596,270.4608154296875,40018900
2026-04-29,267.3037117460274,270.7905199823619,266.7942019267937,269.92132568359375,30047900
2026-04-30,270.25102650288807,275.7459641951834,267.893213328058,271.1002502441406,91848200
2026-05-01,278.6032901046287,286.95561044034525,278.1137509144006,279.88214111328125,79915400
2026-05-04,279.4025768563376,280.3716851917065,274.60697695873915,276.5751647949219,46668400
2026-05-05,276.6750995896243,284.30808218316156,276.2455026895375,283.9184265136719,49311700
2026-05-06,281.66051049385584,287.76487170009636,280.8112868075762,287.245361328125,58336100
2026-05-07,289.00371711581823,291.8611003514943,285.5169394038565,287.1754150390625,45224300
2026-05-08,289.7430674686918,294.4886952888782,289.7330669166447,293.0500183105469,52692800
2026-05-11,291.9800109863281,293.8800048828125,290.2300109863281,292.67999267578125,42247300
2026-05-12,292.55999755859375,295.2699890136719,292.55999755859375,294.79998779296875,45748100
2026-05-13,293.5,300.9200134277344,293.5,298.8699951171875,52684300
2026-05-14,299.82000732421875,300.45001220703125,295.3800048828125,298.2099914550781,35324900
2026-05-15,297.8999938964844,303.20001220703125,296.5199890136719,300.2300109863281,54862800
2026-05-18,300.239990234375,300.6600036621094,294.9100036621094,297.8399963378906,34483000
2026-05-19,296.9700012207031,300.510009765625,296.3500061035156,298.9700012207031,42243600
2026-05-20,298.17999267578125,302.79998779296875,298.0799865722656,302.25,38229800
2026-05-21,301.05999755859375,305.5400085449219,300.3999938964844,304.989990234375,42965100
2026-05-22,306.1199951171875,311.3999938964844,305.8399963378906,308.82000732421875,43670200
2026-05-26,309.55999755859375,311.82000732421875,307.6700134277344,308.3299865722656,48000500
2026-05-27,308.3299865722656,313.260009765625,308.29998779296875,310.8500061035156,50430900
2026-05-28,310.67999267578125,312.79998779296875,309.57000732421875,312.510009765625,48220400
2026-05-29,311.7799987792969,315.0,309.5299987792969,312.05999755859375,70026800
2026-06-01,309.6300048828125,310.94000244140625,305.0199890136719,306.30999755859375,48849900
2026-06-02,307.4599914550781,315.45001220703125,306.69000244140625,315.20001220703125,44534700
2026-06-03,314.17999267578125,316.94000244140625,308.8500061035156,310.260009765625,50836700
2026-06-04,313.2300109863281,313.5400085449219,309.6499938964844,311.2300109863281,44869100
2026-06-05,312.8599853515625,315.1700134277344,307.1499938964844,307.3399963378906,65310500
2026-06-08,308.739990234375,317.3999938964844,301.1700134277344,301.5400085449219,77949100
2026-06-09,300.2799987792969,300.75,287.7799987792969,290.54998779296875,70108800
2026-06-10,290.739990234375,294.75,287.3800048828125,291.5799865722656,52793300
2026-06-11,293.7200012207031,297.0,289.5899963378906,295.6300048828125,42572500
2026-06-12,296.0299987792969,297.1400146484375,289.6199951171875,291.1300048828125,38742100
2026-06-15,294.1199951171875,297.7799987792969,291.70001220703125,296.4200134277344,45732600
2026-06-16,295.25,300.4800109863281,293.9700012207031,299.239990234375,39874400
2026-06-17,300.8500061035156,302.07000732421875,294.3599853515625,295.95001220703125,42745100
2026-06-18,298.1099853515625,300.57000732421875,295.6199951171875,298.010009765625,85962200
2026-06-22,297.30999755859375,302.4200134277344,296.760009765625,297.010009765625,44879900
2026-06-23,297.5400085449219,301.6400146484375,294.17999267578125,294.29998779296875,52010900
2026-06-24,295.3599853515625,299.70001220703125,292.94000244140625,293.0799865722656,53081900
2026-06-25,287.3999938964844,288.79998779296875,273.75,275.1499938964844,107013700
2026-06-26,275.0,285.95001220703125,274.2099914550781,283.7799987792969,261775500
2026-06-29,286.7300109863281,288.3699951171875,279.8500061035156,281.739990234375,66427000
2026-06-30,281.1700134277344,289.94000244140625,280.70001220703125,289.3599853515625,65100200
2026-07-01,293.44000244140625,296.5899963378906,289.20001220703125,294.3800048828125,50164200
2026-07-02,294.1199951171875,309.4200134277344,293.67999267578125,308.6300048828125,75352800
2026-07-06,307.3599853515625,314.20001220703125,307.0,312.6600036621094,53590000
2026-07-07,315.2900085449219,315.4800109863281,310.1499938964844,310.6600036621094,42490000
2026-07-08,311.9100036621094,314.82000732421875,307.04998779296875,313.3900146484375,41323500
2026-07-09,310.510009765625,316.5299987792969,308.1600036621094,316.2200012207031,48124500
2026-07-10,314.7200012207031,316.9100036621094,312.1700134277344,315.32000732421875,34132300
2026-07-13,317.0199890136719,323.45001220703125,315.7799987792969,317.30999755859375,43257800
2026-07-14,313.760009765625,316.19000244140625,311.9100036621094,314.8599853515625,36336800
2026-07-15,317.6199951171875,328.7300109863281,317.32000732421875,327.5,60957600
2026-07-16,328.010009765625,334.67999267578125,326.7900085449219,333.260009765625,62970600
2026-07-17,331.9800109863281,334.989990234375,329.0,333.739990234375,63365300
2026-07-20,333.0249938964844,333.7099914550781,323.70001220703125,326.5899963378906,51014085
