date,open,high,low,close,volume
2021-07-21,267.65944319932055,270.1738442376785,266.1143453427813,270.0586853027344,24364300
2021-07-22,272.4003154535662,274.8763494100788,271.9972592293282,274.6076354980469,23384100
2021-07-23,275.78804130305343,278.30244201944714,274.9531098439966,277.995361328125,22768100
2021-07-26,277.3523564681326,278.01454955841905,275.08748623115633,277.40032958984375,23176100
2021-07-27,277.7649628522518,277.90891147588917,271.54614801020494,274.991455078125,33604100
2021-07-28,277.34276730213355,278.4560190983951,272.3907283274344,274.6844177246094,33566900
2021-07-29,274.703624957285,276.9877082127005,274.5500699423065,274.9531555175781,18168300
2021-07-30,273.67668502240946,275.10662354630284,272.4674579665658,273.4271545410156,20944800
2021-08-02,274.8187628216139,275.212242025892,272.30436188036447,273.3408508300781,16267400
2021-08-03,273.91662898110934,275.6536775635122,272.55384686025644,275.548095703125,17879000
2021-08-04,274.6844177660965,275.99919768889043,273.1776867693029,274.9627380371094,16191300
2021-08-05,275.31782556305,277.9569917907823,274.569263222689,277.8514099121094,13900200
2021-08-06,276.8820984514025,277.83218879233317,276.02795434835366,277.7937927246094,16589300
2021-08-09,278.0721635231256,279.79960614575214,276.2103492828426,276.7093811035156,16117600
2021-08-10,277.1603778240849,277.592253026987,273.70549335133626,274.8955078125,18616600
2021-08-11,275.63454156443856,277.02611380022,274.3389448772672,275.3850402832031,13955900
2021-08-12,275.0779013971637,278.283285228758,274.79958112166787,278.1297302246094,14561300
2021-08-13,277.8130673648045,281.09521434057825,277.640299665323,281.0472412109375,18249000
2021-08-16,281.37344781790824,282.9377579581513,278.33119671669976,282.72662353515625,22507600
2021-08-17,280.60574999790174,281.60381354222284,279.3485202964206,281.2679138183594,20075300
2021-08-18,280.80642126360254,283.47948483534077,279.1044871600753,279.54681396484375,21813000
2021-08-19,277.5851900644903,286.02745550252456,277.5371251128301,285.3543701171875,29850500
2021-08-20,288.1909333937579,294.0755159975354,286.5947836444188,292.6524353027344,40817600
2021-08-23,291.58510254818026,293.65239419132735,290.23896119987614,292.9312438964844,22830200
2021-08-24,293.2870454973741,293.892816520206,290.3832238228718,290.9793701171875,18175800
2021-08-25,292.59474421285233,292.8735972507259,288.86401745475416,290.3928527832031,20006100
2021-08-26,289.4120524153368,290.79666345082654,287.4505445681289,287.58514404296875,17666100
2021-08-27,287.4890486022759,289.29673726337023,285.4121315880625,288.19097900390625,22605700
2021-08-30,289.53711917376893,292.51788050210155,289.47942948011064,291.912109375,16348100
2021-08-31,292.71018783230056,292.78709763966935,289.9024956924805,290.26788330078125,26285300
2021-09-01,291.21976052803296,293.450526164361,289.89283908325706,290.2197570800781,18983800
2021-09-02,290.57551551059663,291.6908688555187,288.63319852540627,289.5658874511719,16285600
2021-09-03,289.41214289266503,290.96022807123313,288.71024177108217,289.556396484375,14747900
2021-09-07,289.4313599194175,289.5082697285104,286.7294517158089,288.6332702636719,17180400
2021-09-08,288.2486568040006,289.04671710020153,286.0275156464967,288.662109375,15046800
2021-09-09,289.2486932805111,290.5179253274323,285.57562599791714,285.8160095214844,19927000
2021-09-10,286.9410140892641,288.38331521441347,284.01794225939454,284.3352355957031,19633400
2021-09-13,286.1044357072228,287.0563743400453,282.7679114864811,285.56597900390625,23652900
2021-09-14,288.0371068920759,289.7967304480166,286.6332755453167,288.2582702636719,21853400
2021-09-15,291.5947969733447,293.57555457579934,290.2101857287975,293.09478759765625,28356300
2021-09-16,292.0755692493566,293.5659351711585,289.19096732817496,293.4794006347656,19550800
2021-09-17,292.46988092654055,292.78717431259884,288.00834799489826,288.33526611328125,41372500
2021-09-20,284.9313439067863,287.2294241436648,278.3833000222743,282.97943115234375,38278700
2021-09-21,284.3159844038209,286.09482813249366,282.7583040538949,283.460205078125,22364100
2021-09-22,285.3159733040297,288.6717173261203,283.18136680799097,287.09478759765625,26626300
2021-09-23,287.3544589280449,289.32559200827507,286.08522692976766,288.0371398925781,18604600
2021-09-24,286.7583221103223,288.26790832981595,285.5083101876047,287.8352355957031,14999000
2021-09-27,284.7486233260551,285.06591655736753,281.67170353978287,282.8544006347656,23571700
2021-09-28,278.6525374846611,279.59485135493725,271.87373461890644,272.6141052246094,43186200
2021-09-29,274.13340760514626,275.7391532943879,272.1238046387394,273.0757141113281,26353700
2021-09-30,274.71984547108286,276.7582926672313,270.78717529668586,271.0756530761719,32343600
2021-10-01,271.26800391748964,278.82567743402257,270.46994350123555,277.9795227050781,30086300
2021-10-04,276.3448992444517,276.68144205400307,269.4699361794418,272.21990966796875,31350700
2021-10-05,273.12371126636924,279.22945781834716,273.12371126636924,277.6525573730469,24993000
2021-10-06,274.7872335676707,282.3352826609883,274.52762990584176,281.83526611328125,28002600
2021-10-07,283.825594084445,285.22945482720434,282.6140812194665,283.50830078125,20430500
2021-10-08,284.82559764308587,285.22945482720434,282.46023226093035,283.50830078125,17685700
2021-10-11,281.65250240514854,286.5082365093531,281.4890287428217,282.912109375,19298600
2021-10-12,283.9794400643769,284.0755993304145,281.10446287508915,281.61407470703125,17974100
2021-10-13,283.5659677751689,285.8447984376841,282.20057671725624,284.912109375,23416300
2021-10-14,287.700592428169,291.6044182903468,286.3736707555064,291.10443115234375,27262900
2021-10-15,290.71023658361656,292.7390889350849,288.9602373568644,292.50830078125,25384800
2021-10-18,291.89281968974484,296.35432121688916,291.0466652595065,295.4697265625,22729300
2021-10-19,296.48903662007575,297.4024763811832,295.4024984250073,296.3736572265625,17682100
2021-10-20,297.3158933508054,297.78706492240235,294.3351323484767,295.58514404296875,16537100
2021-10-21,295.35446184191204,299.0563448955344,294.57559217346744,298.8063659667969,16918100
2021-10-22,298.46011490450775,299.1235756390308,295.960120910737,297.267822265625,17449300
2021-10-25,297.46019509805154,297.49866468087276,294.6717518892406,296.27752685546875,17554500
2021-10-26,299.03705370094167,300.3831953408259,296.7293781263278,298.1812744140625,28107300
2021-10-27,303.8447410132644,313.55624018654,303.8447410132644,310.73895263671875,52588700
2021-10-28,311.85437724483006,312.3736139341763,308.9986194689687,311.8736267089844,26297900
2021-10-29,311.6620115299265,319.2292792064878,311.44084815229064,318.8638916015625,34766000
2021-11-01,318.61388266615893,318.73888677742633,313.81583753903345,316.700439453125,27073200
2021-11-02,317.6043237502232,320.6235548856837,317.30625052903974,320.31585693359375,26487100
2021-11-03,321.0561844849301,322.01771844825345,317.9311991041292,321.15234375,21500100
2021-11-04,320.08507064099814,323.59466390839987,316.83508099254163,323.4985046386719,23992200
2021-11-05,325.4888877422965,325.75811609186775,321.556217155061,323.13311767578125,22570100
2021-11-08,324.3254169521455,324.661959731768,321.5754437081741,324.02734375,20897000
2021-11-09,324.1426973147689,325.69078224022303,321.6619526233949,323.02734375,21307400
2021-11-10,321.7004414585655,321.75813115179415,317.22931417120816,318.075439453125,25500900
2021-11-11,318.50815807964443,320.93121335247633,317.79663226365136,319.64276123046875,16849800
2021-11-12,321.07553803298856,324.25821413587914,320.9505338822416,323.767822265625,23831000
2021-11-15,324.5561868329157,324.88310486387337,321.1811931834564,323.1427307128906,16723000
2021-11-16,322.76774755560007,327.5658224885891,322.6043031971898,326.450439453125,20886800
2021-11-17,326.4985198392835,329.6292219748661,325.59302210058706,326.6719055175781,19053400
2021-11-18,325.7664999341988,329.87978087178396,324.74541145445266,328.7430725097656,22463500
2021-11-19,330.0628138404935,332.4325070081749,329.63896245799737,330.5155334472656,21963400
2021-11-22,331.9700783843757,336.83472639710845,327.08617509182903,327.35589599609375,31031100
2021-11-23,324.67797163532214,326.9898989068096,321.31608766747587,325.28485107421875,30427600
2021-11-24,323.9362057016911,325.7472014512142,321.65320573565054,325.5063781738281,21661300
2021-11-26,322.07705238453224,325.5256287318422,316.0757258160542,317.5784606933594,24217200
2021-11-29,322.6453783318279,326.58524340078264,322.4527079617969,324.2733459472656,28563500
2021-11-30,323.01143434180807,325.38112702645924,316.9137728395476,318.4550476074219,42885600
2021-12-01,322.82845444512645,326.82611534101443,317.29916089070014,317.96380615234375,33337600
2021-12-02,318.1756812750894,321.2485884430419,315.76744866054173,317.3954162597656,30766000
2021-12-03,319.8036737217345,320.48763300351385,306.3561099885442,311.1533203125,41779300
2021-12-06,312.05887669946657,315.43040325384777,307.51213114166296,314.2166442871094,30032600
2021-12-07,319.46655926353213,323.47383295914125,317.98307955857507,322.62615966796875,31021900
2021-12-08,323.00192420413254,323.1849523113305,318.6574613396701,322.6744079589844,24761000
2021-12-09,322.1348363640117,324.1384729979598,319.92888702095325,320.8729248046875,22214200
2021-12-10,322.68390724843727,330.40950670555475,322.50087922237924,329.9664001464844,38095700
2021-12-13,328.17463366758005,331.1704900151728,326.63335907507167,326.9416198730469,28899400
2021-12-14,320.9885647798209,322.35645407358095,312.2129483454999,316.2876892089844,44438700
2021-12-15,316.54772931653724,322.8862143337398,312.5886088133381,322.36602783203125,35381100
2021-12-16,323.38713456911813,324.3986100132093,311.16294216598374,312.97393798828125,35034800
2021-12-17,309.10144665260225,312.9931584037919,305.6046885387923,311.91424560546875,47750300
2021-12-20,308.30192948085835,310.95098537340476,305.9129815266249,308.1670837402344,28326500
2021-12-21,311.42301196127266,315.7000353671043,308.061099295699,315.27618408203125,24740600
2021-12-22,316.24913921677904,321.36422365049356,313.7927533668709,320.96929931640625,24831500
2021-12-23,320.5357805584728,324.04218156998655,320.5165252794348,322.4045715332031,19617800
2021-12-27,323.146261644818,329.90859732114507,323.1173640307042,329.87969970703125,19947000
2021-12-28,330.5540058070814,331.18978275080303,327.827899397402,328.7237548828125,15661500
2021-12-29,328.7719682057402,331.6618479007126,327.21143787403537,329.39813232421875,15042000
2021-12-30,329.35964189367326,330.53486098892296,326.3830688879118,326.8647155761719,15994500
2021-12-31,326.0843148981623,326.90309041033254,323.52195205286245,323.9747009277344,18000800
2022-01-03,323.0403535774783,325.59307446526094,317.67480384527,322.4623718261719,28865100
2022-01-04,322.5394184991603,322.89586164300437,314.1491437576021,316.9330749511719,32674300
2022-01-05,313.89872484330033,314.10103759223983,304.381412211663,304.7667236328125,40054300
2022-01-06,301.6552144415301,307.0015085378214,300.05614444176234,302.3584289550781,39646100
2022-01-07,302.61861295720774,304.8823583059382,298.70764414083993,302.5126647949219,32720000
2022-01-10,298.1295907297212,303.1676245403952,293.505795319919,302.734130859375,44289500
2022-01-11,301.876755156164,304.98817262993884,298.51487210343447,303.41802978515625,29386800
2022-01-12,307.9359141133859,311.53862085227667,305.4409591479046,306.5872802734375,34372200
2022-01-13,308.7065406516053,309.1014943499301,292.84110213316677,293.6117248535156,45366000
2022-01-14,293.081812045569,299.4106523142122,292.60016568230594,298.81341552734375,39846400
2022-01-18,292.90853854423693,298.42818916600646,290.66404916965183,291.5406494140625,42333200
2022-01-19,295.0470474103309,302.3873360187906,291.58882876082123,292.1956787109375,45933900
2022-01-20,297.725037240553,300.21032076889657,290.0861291978272,290.52923583984375,35380700
2022-01-21,291.57917037846426,292.9470300221771,284.7590392453866,285.16363525390625,57984400
2022-01-24,281.47429461593225,286.2040385232011,265.9170853754429,285.4912109375,85731500
2022-01-25,280.81919810306823,284.1618263856482,274.70231034504417,277.9004211425781,72848600
2022-01-26,296.68467202710303,297.1759609807795,282.27381356056463,285.8187255859375,90428900
2022-01-27,291.55032568742257,296.0199908832467,286.9939382332395,288.8338317871094,53481300
2022-01-28,289.2095796185567,297.15674993645587,283.64174510506314,296.94482421875,49743700
2022-01-31,297.60939667442534,300.9134847485598,295.1240841669652,299.56488037109375,46444500
2022-02-01,299.0158807231996,299.22780642788894,293.92969320803354,297.42645263671875,40950400
2022-02-02,298.2644877997953,303.5529582305001,297.5420178765897,301.9538879394531,36636000
2022-02-03,298.12960422865086,299.8057543934319,288.94942117258597,290.19207763671875,43730000
2022-02-04,289.19021973386526,297.46490411870997,288.95903879189694,294.70989990234375,35096500
2022-02-07,294.93143638637616,296.54011926462067,288.8915703465275,289.9030456542969,28533300
2022-02-08,290.1920562811641,294.34384733210226,288.9397869673649,293.38055419921875,32421200
2022-02-09,298.4956591456946,300.4800407856737,296.1067108242928,299.7864685058594,31284700
2022-02-10,292.8795873514991,297.7731024456367,289.66219252942125,291.280517578125,45386200
2022-02-11,292.06085534207085,293.12048369685596,283.4201145266006,284.21002197265625,39175600
2022-02-14,282.9865867276755,285.866852917156,280.65543402557785,284.17144775390625,36359500
2022-02-15,288.99759771206277,289.75857816176847,286.11733109996294,289.4407043457031,27058300
2022-02-16,288.0120371225755,290.42524925713894,283.484848801482,289.1028137207031,29982100
2022-02-17,286.0718280004565,286.49655572673316,279.93262997944396,280.6372985839844,32461600
2022-02-18,282.87670175552876,283.65858009488875,276.3706915634675,277.9344482421875,34264000
2022-02-22,275.10620482012695,281.4191765053362,274.6235623555302,277.7317810058594,41736100
2022-02-23,280.106319573653,281.5735712358109,270.3762623285836,270.54034423828125,37811200
2022-02-24,263.0498031628359,284.9135007247491,262.094151059809,284.36328125,56989700
2022-02-25,284.8942092758671,287.2977593325136,281.52534482802724,286.9888610839844,32546700
2022-02-28,284.0930236175549,288.7553666251348,282.8285026347826,288.4175109863281,34627500
2022-03-01,286.1104303022666,289.5565043668673,282.00796959435814,284.7107849121094,31217800
2022-03-02,285.10654759375143,291.0044539337732,283.50420050610404,289.7688903808594,31873000
2022-03-03,292.37513104919077,292.6067899776218,283.8419873820218,285.6470947265625,27314500
2022-03-04,284.07375111161906,285.3961869424116,277.20092613588724,279.7975158691406,32356500
2022-03-07,278.5136671787281,279.6334012626767,268.8608176186458,269.2276306152344,43157200
2022-03-08,268.1561834951562,274.10234312414246,260.6269716528933,266.2738952636719,48159500
2022-03-09,273.6003711570887,279.5465300399745,271.03270963096804,278.4847106933594,35204500
2022-03-10,273.1949308694663,276.65066742284495,270.83963327856327,275.67572021484375,30628000
2022-03-11,277.9634650523489,279.4596745025475,269.72958504143236,270.3473815917969,27209300
2022-03-14,270.6079274452205,275.49226599874805,266.244850912999,266.84332275390625,30660700
2022-03-15,270.6176832217213,277.8283640849266,269.05392607565614,277.1816101074219,34245100
2022-03-16,279.07349465678493,284.343971257443,273.36868699762886,284.17022705078125,37826300
2022-03-17,283.1084425886128,285.3478813742308,279.3245124712581,284.971435546875,30816600
2022-03-18,285.11614983812484,290.55070765473886,282.56781343474125,290.00048828125,43390600
2022-03-21,288.5140418634162,289.72064808863075,284.66253476098274,288.774658203125,28351200
2022-03-22,289.3923635193199,294.41185612837654,288.3981213802289,293.5044860839844,27599700
2022-03-23,290.07784087692966,292.7034175820103,287.38468714348056,289.0932312011719,25715400
2022-03-24,288.75531685150304,293.6396557120755,287.96377622460426,293.5431213378906,24484500
2022-03-25,294.63399652050595,294.89461290569596,288.9002003810055,293.1377868652344,22566500
2022-03-28,293.7651722801995,300.01056743386323,293.7651722801995,299.9140625,29578200
2022-03-29,303.01261329342486,304.8563111504665,298.3213129462688,304.4605407714844,30393400
2022-03-30,302.86782002120697,304.9817964510435,300.76347640947125,302.9643249511719,28163600
2022-03-31,303.0029027856713,304.19987600855126,297.20156097857216,297.6069641113281,33422100
2022-04-01,298.6302459022579,299.3638720029751,294.93321694040014,298.67852783203125,27110500
2022-04-04,299.32520192359516,304.1709216917822,298.9583889350334,304.0357971191406,24289600
2022-04-05,302.3947533501223,303.9392148944746,299.11279097971965,300.0877380371094,23156700
2022-04-06,294.59528689562205,296.3424501243935,286.4096607302466,289.1028137207031,40110400
2022-04-07,286.36141443806906,293.1087462850132,286.06217848359114,290.90789794921875,31411200
2022-04-08,290.01021503016705,290.6666017314044,285.99462607140345,286.6606750488281,24361900
2022-04-11,281.66045568500346,282.4519668205672,275.10616374606843,275.3571472167969,34569300
2022-04-12,279.1990504337595,280.64697807098315,270.75280588328843,272.268310546875,30966700
2022-04-13,272.9150857943455,278.5619804531801,271.53470561771667,277.63531494140625,21907200
2022-04-14,278.088924351685,278.3012882088098,269.6233863517897,270.11566162109375,28221600
2022-04-18,269.2277042520866,272.65445499990767,268.67748460671237,270.78179931640625,20778000
2022-04-19,269.6813419887161,276.2356357266572,268.74501431186735,275.39581298828125,22297700
2022-04-20,279.35338855501425,279.6429916422548,275.46329236077645,276.4189147949219,22906700
2022-04-21,278.56186707817085,283.11801238910374,270.3376514098414,271.0616149902344,29454600
2022-04-22,271.90129580111284,273.3685469049766,263.88944726830204,264.5168762207031,29405800
2022-04-25,263.802791787971,271.35129941286607,261.3702543115975,270.974853515625,35678900
2022-04-26,267.8665048519019,268.6966355558546,260.62686958563427,260.8392333984375,46518400
2022-04-27,272.30688607431046,280.86895873505813,269.4689460085579,273.38800048828125,63477700
2022-04-28,275.2896026631033,280.87861047579827,271.68907938541145,279.5754699707031,33646600
2022-04-29,278.59090237715037,279.81683323611406,266.9013146355611,267.8858947753906,37073900
2022-05-02,268.0692987483365,275.04832015441815,266.63103347319105,274.5946350097656,35151100
2022-05-03,274.10226915929724,274.2663805402377,270.4245363528179,271.9979553222656,25978600
2022-05-04,272.77986042090856,280.7820806094394,267.1233049625317,279.913330078125,33599300
2022-05-05,275.627519716172,276.40939830190524,264.8163146554661,267.7218322753906,43260400
2022-05-06,265.26995885904273,269.55582646003774,261.8528418348636,265.1927490234375,37780300
2022-05-09,260.68485272752093,262.904996341923,254.1788415540158,255.39508056640625,47726000
2022-05-10,262.258232684761,264.24671703897735,255.86805194857527,260.1442565917969,39336400
2022-05-11,256.45690628213566,261.939717895706,250.29838339965534,251.50498962402344,48975900
2022-05-12,248.74425187403014,250.85822802261495,241.3405189455736,246.48548889160156,51033800
2022-05-13,248.41609257198036,253.90856640021337,246.48552263469378,252.05520629882812,34925100
2022-05-16,250.9354501012321,256.5920348375694,246.9005663575993,252.4219970703125,32550900
2022-05-17,256.87193855498094,259.0148721108303,253.34865472681068,257.55731201171875,28828800
2022-05-18,254.4612355715473,255.04176140596195,244.56337491481253,245.83084106445312,31356000
2022-05-19,245.65664551679004,249.30426416130737,243.7022393056512,244.92132568359375,32692300
2022-05-20,248.888200942443,250.1460116670098,238.4388554517078,244.3601531982422,39199300
2022-05-23,247.19504035705393,253.0099090514097,245.20190974301659,252.1875,33175400
2022-05-24,249.51713505523247,252.8454218843062,245.26965040786493,251.19094848632812,29043900
2022-05-25,249.75905520569623,255.9899423675997,248.78183714380614,253.996826171875,28547900
2022-05-26,253.75493935952196,258.4377968295687,252.94221495828464,257.26708984375,25002100
2022-05-27,259.763306260141,264.46550311516876,258.87316278571984,264.3687438964844,26910800
2022-05-31,263.68184944791426,265.84911459447005,260.1987236575402,263.04327392578125,37827700
2022-06-01,266.26505757978737,268.6742049770273,261.2725844284058,263.5753173828125,25292200
2022-06-02,255.86407801088959,265.7328955197983,253.1066034397387,265.6651611328125,44008200
2022-06-03,261.53391933554974,264.5719880166716,259.69561200341536,261.2533264160156,28059000
2022-06-06,263.2270994161104,265.27826522689224,258.5442419264379,260.0245666503906,22400300
2022-06-07,257.9830411761452,264.26232157625736,257.3057561922374,263.65277099609375,22860700
2022-06-08,262.88845771552224,264.1365839069745,260.8566319339603,261.63067626953125,17372300
2022-06-09,259.0859990893106,263.8559299419898,256.0382758855006,256.1930847167969,26439700
2022-06-10,252.11978854806873,252.11978854806873,244.33115809000796,244.77622985839844,31422800
2022-06-13,237.15206786424903,240.93512629318718,233.6882971691395,234.39459228515625,46135800
2022-06-14,235.94263445006774,237.76160149558388,233.6689256431726,236.55218505859375,28651500
2022-06-15,240.24816456305055,247.01122689050288,238.4195274205562,243.58615112304688,33111700
2022-06-16,237.99383539165407,239.38708569637893,235.12994511050752,237.01663208007812,33169200
2022-06-17,236.75536866492723,242.36706412018737,236.10712319916604,239.60958862304688,43084800
2022-06-21,242.1348507017861,246.47908003768092,241.4092008096241,245.5018768310547,29928300
2022-06-22,243.7119356534914,248.82052450027996,242.24128106481916,244.91168212890625,25939900
2022-06-23,247.2724946346494,250.94910939467707,245.3954776548155,250.45565795898438,25861400
2022-06-24,253.30982219314234,259.2795140264686,253.2227477629766,259.00860595703125,33923200
2022-06-27,259.50207429528484,259.589148741076,254.73214265073585,256.2898864746094,24615100
2022-06-28,255.40942252018837,258.2442876848407,247.99811473013298,248.15292358398438,27295500
2022-06-29,249.22686932972684,253.46466940003842,247.45628183135534,251.81019592285156,20069800
2022-06-30,248.70438985080898,251.10388274506582,244.68913309560924,248.4915313720703,31730900
2022-07-01,248.06586356040017,251.33610113526663,246.34364079711162,251.1522674560547,22837700
2022-07-05,247.8433315091213,254.4419156439833,246.469436006713,254.31613159179688,22941000
2022-07-06,255.18689308896802,259.28922459470346,253.8807173042958,257.5670166015625,23824400
2022-07-07,256.5124052718838,260.32448856109585,256.4156460435075,259.6859130859375,20859900
2022-07-08,256.1931548126402,259.395687723977,254.74185483976467,258.969970703125,19658800
2022-07-11,257.0251678392389,257.87660171050175,253.66782672632655,255.9221954345703,19455200
2022-07-12,257.24774583098747,257.3057954639804,243.8570743997537,245.4341583251953,35868500
2022-07-13,242.06712638955372,245.3180384343123,240.05465562247608,244.51498413085938,29497400
2022-07-14,242.4348047942675,246.85642391031848,237.95512128406688,245.83084106445312,25102800
2022-07-15,247.4175378091183,251.91656031499826,246.49838441971488,248.38507080078125,29774100
2022-07-18,251.31671696215605,252.37132447376123,245.07613156293314,245.9952850341797,20975000
2022-07-19,249.2171954923263,251.2877307699049,245.44382181429663,251.10389709472656,25012600
2022-07-20,251.46184932540294,256.2704900620598,250.5040009952903,253.75489807128906,22788300
2022-07-21,251.35545481408533,256.2898799710948,248.68505377050542,256.2414855957031,22404700
2022-07-22,256.628472424911,256.7155468615233,250.65880967638628,251.9069061279297,21881300
2022-07-25,252.52614987417672,253.00991644481692,248.47218365007052,250.4265899658203,21056000
2022-07-26,251.42315927857734,251.44252883940965,241.46726406430727,243.7216033935547,39348000
2022-07-27,252.68094375810006,261.2822975208546,250.44594469622396,260.01483154296875,45994000
2022-07-28,260.99207747518795,268.81941742326114,259.17311035737987,267.43585205078125,33459300
2022-07-29,268.6839948428737,272.8443759995339,267.64872718084746,271.6252746582031,32152800
2022-08-01,268.8000835642348,272.14774020428075,266.8843571782586,268.9839172363281,21539600
2022-08-02,267.0391429404589,268.8677947225736,263.53667774646465,265.8974609375,22754200
2022-08-03,267.7745264077172,274.295691421878,267.62937279083735,273.29913330078125,23518900
2022-08-04,272.6507928732396,274.58585891074097,271.0737388551581,274.44073486328125,18098700
2022-08-05,270.0868886929883,274.44078812230066,269.632146904856,273.7248229980469,16774600
2022-08-08,274.8277823787597,276.63709419104765,270.25136942756865,271.2189025878906,18739200
2022-08-09,270.5610309152516,273.8893183608111,268.59690993620944,273.1346435546875,23405200
2022-08-10,278.8140023481959,280.4007411412907,277.62392610830153,279.7718505859375,24687800
2022-08-11,281.40702349193015,281.7553212542064,277.20793315057733,277.70135498046875,20065900
2022-08-12,279.11401558943726,282.4326477050781,277.6240060475437,282.4326477050781,22619700
2022-08-15,281.55214749764076,284.62889583747915,280.6910288186994,283.94195556640625,18085700
2022-08-16,282.5099789943521,284.49343955539996,280.99097447536275,283.20660400390625,18102900
2022-08-17,280.9280886741136,284.42831264174936,280.6663108728771,282.4600524902344,18253400
2022-08-18,281.36444334293145,283.0321341039528,280.28818642679033,281.3450622558594,17186200
2022-08-19,280.11362940883,280.4529907173876,276.8752129457477,277.447265625,20570000
2022-08-22,273.50106320350113,273.869510964488,268.7888850126345,269.3027648925781,25061100
2022-08-23,268.0325927734375,270.3789763942887,267.0242141584032,268.0325927734375,17527400
2022-08-24,267.0338655673313,268.7985203899036,266.7429718156846,267.4023132324219,18137000
2022-08-25,268.8954719441874,270.5340758675693,266.17093562909554,270.3692626953125,16583400
2022-08-26,270.59230474229855,271.813993730699,259.82991359676106,259.9365539550781,27549300
2022-08-29,257.76465225492166,259.2674999332414,255.82547868834627,257.16351318359375,20338500
2022-08-30,258.55975823755864,258.9281764138231,252.7325313512988,254.97227478027344,22767100
2022-08-31,257.31873884899386,258.98640028219296,253.38218793679772,253.5179443359375,24791800
2022-09-01,250.9969713685728,252.95555596320528,247.64220877512267,252.48043823242188,23263400
2022-09-02,253.7408682003107,256.68839066109626,246.73074523815598,248.2723846435547,22855400
2022-09-06,248.40817526683784,249.98857705648493,244.27772561001785,245.54788208007812,21328200
2022-09-07,246.953747797965,250.95813110475615,245.51876351834204,250.2406463623047,24126700
2022-09-08,249.67828453539664,252.50946117409913,247.04099269137964,250.6575469970703,20319900
2022-09-09,252.57734543450854,257.16350136081496,252.37374050442193,256.4169006347656,22084700
2022-09-12,257.6967475229018,259.3159703034846,257.09560851352137,258.540283203125,18747700
2022-09-13,250.96784794774865,252.48040101382477,243.93834353048703,244.32618713378906,33353300
2022-09-14,245.8193814071736,246.49808932194622,242.26099903033722,244.54922485351562,23913000
2022-09-15,242.1737066610615,243.75412313348235,236.5985823888046,237.91722106933594,31530900
2022-09-16,236.8312795525679,237.83965816543386,234.69819143342704,237.29669189453125,39791800
2022-09-19,235.09570294714337,237.68449782170777,233.5249771298103,237.08335876464844,26826900
2022-09-20,234.7079219968837,236.10411478867206,232.3518179959653,235.07635498046875,26660300
2022-09-21,236.84099440441966,240.12789337863492,231.634302730604,231.6827850341797,28625600
2022-09-22,230.63561584371612,236.44344631490495,230.3447516288207,233.65103149414062,31061200
2022-09-23,232.25482322354088,233.79647753038185,228.04681992346752,230.68409729003906,34176000
2022-09-26,229.84056473429231,234.106740937524,229.69511783060327,230.2283935546875,27694200
2022-09-27,232.68144911431068,234.44610429031408,227.36811729613822,229.22003173828125,27018700
2022-09-28,229.60784728045007,234.95997054824008,227.59110496512747,233.73829650878906,29029700
2022-09-29,231.6246111693645,232.6523709038743,227.28086605201818,230.27688598632812,27484200
2022-09-30,231.0428606260345,233.22443119574095,225.65195971871543,225.81678771972656,35694800
2022-10-03,228.2504653081486,234.26190138278793,227.52327510247312,233.41836547851562,28880400
2022-10-04,237.6360484007584,242.74577547683293,237.52939325058418,241.310791015625,34888400
2022-10-05,238.50866730601555,242.95906726147314,236.67614880702004,241.62103271484375,20347100
2022-10-06,240.38964536366748,242.72635307461078,238.5959186818319,239.28431701660156,20239900
2022-10-07,233.5734806664739,233.98072018796898,226.07857799580754,227.1160430908203,37769600
2022-10-10,225.962219258619,227.4262900818972,219.83442324055144,222.2777862548828,29743600
2022-10-11,220.69737480208315,222.09358236444308,217.29412996487275,218.55459594726562,30474000
2022-10-12,218.54487025171542,220.93006041435294,217.14867761413385,218.8842315673828,21903900
2022-10-13,213.16368804977824,228.91947533494175,212.465584291104,227.1160430908203,42551800
2022-10-14,228.37649233923707,230.02480190806705,221.3954696052538,221.60877990722656,30198600
2022-10-17,228.64795366917255,231.6924554615013,227.98862698827506,230.30593872070312,28142300
2022-10-18,235.84233800532098,236.51134058165383,228.21167855259944,231.24649047851562,26329600
2022-10-19,229.8308844163688,232.32272998256715,227.16452030041103,229.2879180908203,19985700
2022-10-20,228.59949308712024,233.97099766347205,227.72685605551754,228.96792602539062,21811000
2022-10-21,227.60083683054654,235.60961938988035,227.3681306457899,234.75637817382812,26299700
2022-10-24,236.3465133618895,240.30242995612315,233.9613377120293,239.73037719726562,24911200
2022-10-25,239.74006238454706,243.4050998483293,238.3535601564571,243.0366668701172,34775500
2022-10-26,224.13935841423532,231.05251640438252,223.0631165722391,224.28480529785156,82543200
2022-10-27,224.01335747357737,226.58277171119522,218.9133355552526,219.8538360595703,40424600
2022-10-28,219.35934514135127,229.40426599695735,219.1751212635659,228.6964569091797,40647700
2022-10-31,226.65060686599685,227.77533111378162,224.11998470584146,225.0701904296875,28357300
2022-11-01,227.46513499365747,228.57046367359217,220.41623277619496,221.23068237304688,30592300
2022-11-02,222.48140020209192,224.2654364159978,213.34787925724922,213.40606689453125,38407000
2022-11-03,213.3963774811355,213.70665239090863,207.4722009244926,207.73399353027344,36633900
2022-11-04,210.9336199205367,214.85074424296624,206.93891208084915,214.65682983398438,36789100
2022-11-07,215.23859748900023,221.46334350265937,214.55018429237435,220.93975830078125,33498000
2022-11-08,221.74453478514138,224.60481335809473,218.97151548785143,221.90936279296875,28192500
2022-11-09,220.45496487826287,221.67665381960256,217.507427263288,217.68194580078125,27852900
2022-11-10,228.2698262443954,235.92957127818485,227.85291099807793,235.5902099609375,46268000
2022-11-11,235.59992645228266,240.4478609583566,234.5721519094285,239.59461975097656,34620200
2022-11-14,234.63031012538158,236.49191496687794,231.93486006162664,234.2036895751953,31123300
2022-11-15,238.18872473342853,239.4879676468522,232.72994567583086,234.61094665527344,31390100
2022-11-16,236.06939815763067,237.05145015358517,233.76500614633548,235.0387420654297,24093300
2022-11-17,231.19808812700944,236.51667602662837,231.05224616268976,234.99012756347656,23123500
2022-11-18,236.76943579261894,236.99307988398078,232.4134500643494,234.54283142089844,27613500
2022-11-21,234.74703599252672,237.8973557920272,234.51368886128466,235.34988403320312,26394700
2022-11-22,236.8472334482416,238.51962368090963,234.04696420457608,238.24737548828125,19665700
2022-11-23,238.32517685687512,241.40742716232413,237.50843223083618,240.726806640625,19508500
2022-11-25,240.46428755240743,241.81581080755163,239.9003405690243,240.63931274414062,9200800
2022-11-28,239.26832798344634,239.82254225297007,234.1344834195783,235.06790161132812,24778200
2022-11-29,234.71791011091975,236.06943355765867,231.61622351723406,233.6775360107422,17956300
2022-11-30,233.9108607052224,248.2622882065125,233.22050747543122,248.07754516601562,47594200
2022-12-01,246.84270566954237,249.03042418074372,243.97436658880594,247.6400146484375,26041500
2022-12-02,242.90483392955983,248.97209734788092,242.77842766287273,247.9608917236328,21528500
2022-12-05,245.03420296466012,246.7941135147601,241.19354435975268,243.27430725097656,23435300
2022-12-06,243.87717857195696,244.88838430096405,237.032041139046,238.33494567871094,22463700
2022-12-07,238.0529405287907,239.3461270027659,235.5054686619729,237.6056671142578,20481500
2022-12-08,238.06266840254827,241.854722806182,236.3319411296729,240.5518035888672,22611800
2022-12-09,237.92656151403307,241.43663524920433,237.40151554994418,238.6266326904297,20609700
2022-12-12,240.6004067044122,245.5495083577721,240.32815848858516,245.5203399658203,30665100
2022-12-13,254.44624097086364,256.61452370043395,246.0648533202343,249.80828857421875,42196900
2022-12-14,250.01245515480875,255.32130998655228,247.27050773018283,250.09996032714844,35410900
2022-12-15,246.69684834391964,247.16355744305537,240.49344660406408,242.11721801757812,35560400
2022-12-16,241.66994662968148,242.92423190340745,236.76944942143655,237.9167938232422,86102000
2022-12-19,238.08212143380248,238.42243914772908,232.1023632453267,233.794189453125,29696400
2022-12-20,232.77323628356203,236.18608654823132,231.82036751639754,235.1068115234375,25150800
2022-12-21,234.99988623023594,238.8210944819846,233.4636197451072,237.66403198242188,23690600
2022-12-22,234.5817378584511,235.2915415960275,227.396299165475,231.5967254638672,28651700
2022-12-23,229.5743387811001,232.2579350383886,227.46440742070018,232.12181091308594,21207000
2022-12-27,232.0925980656862,232.31622733519188,229.30204661323555,230.40077209472656,16688600
2022-12-28,230.33272967385747,233.0843952081068,227.68801986130742,228.03805541992188,17457100
2022-12-29,229.12703678909463,235.2234829457409,229.12703678909463,234.3386688232422,19770700
2022-12-30,231.6161906747891,233.3177494769252,230.1090927684712,233.18162536621094,21938500
2023-01-03,236.35140592714558,238.94749699304793,230.82862391751698,232.9482879638672,25740000
2023-01-04,225.85033012794412,226.42399496515415,219.70527974958796,222.75836181640625,50623400
2023-01-05,220.91093644040888,221.25125412142148,215.62151720752513,216.1562957763672,39585600
2023-01-06,216.82719680304174,219.51079264209568,213.27823740876858,218.70376586914062,43613600
2023-01-09,220.18170823285104,224.8391261091335,220.14282198786435,220.83316040039062,27369800
2023-01-10,221.4554347527597,224.90717117777552,221.03734458217542,222.51527404785156,27033900
2023-01-11,224.88775736983877,229.41876953347588,224.71274699163635,229.24375915527344,28669300
2023-01-12,228.74784480479596,233.25940599267489,227.09490487805533,231.9078826904297,27269500
2023-01-13,230.43964256813786,232.74403424616705,228.41721692050362,232.60791015625,21333300
2023-01-17,231.38280544563565,234.24142631977972,230.52715978632344,233.69692993164062,29831300
2023-01-18,234.883176604496,235.67075285086767,229.0006419678325,229.28260803222656,30028700
2023-01-19,227.3088064182575,229.00064735365646,224.29461063179636,225.510009765625,28623000
2023-01-20,228.3588944678233,234.07613627577243,228.0185768034781,233.57052612304688,35389800
2023-01-23,234.42620586269453,238.3835379806386,233.01633090813738,235.865234375,31934000
2023-01-24,235.78745289233305,237.19731304543689,233.7844773158166,235.34017944335938,40234400
2023-01-25,227.98943061234027,236.5652941592754,224.50852565701223,233.9497528076172,66526600
2023-01-26,236.90558287687787,241.43659421049372,235.30126202491022,241.1351776123047,33454500
2023-01-27,242.0977983186481,242.91454300523202,239.9975849790759,241.290771484375,26498900
2023-01-30,237.74180116090332,238.80164053803622,235.49574581512883,235.99163818359375,25867400
2023-01-31,236.7111267803919,241.08656355946167,236.22496713827303,240.950439453125,26541100
2023-02-01,241.13517614830616,248.11642130402413,238.6752096108031,245.75369262695312,31259900
2023-02-02,251.65572121722164,257.36323150604915,250.12917259535388,257.2757263183594,39940400
2023-02-03,252.35574697610576,256.88675825123045,249.9832856273653,251.1986846923828,29077300
2023-02-06,250.31388153410032,251.1500618843591,247.72750865015405,249.66241455078125,22518000
2023-02-07,253.31834411841427,261.33024559426707,252.88078856760495,260.15374755859375,50841400
2023-02-08,265.63764785701306,269.0991022332483,258.84111568990085,259.34674072265625,54686000
2023-02-09,266.2210185187912,266.3960585481187,255.525505975814,256.32281494140625,42375100
2023-02-10,254.2906513684381,256.77978626583,253.44473837157508,255.81719970703125,25818500
2023-02-13,260.23153420322126,266.99886776795535,259.75507760072225,263.8096618652344,44630900
2023-02-14,265.12232910655104,267.3586517330217,261.8261522809417,264.63616943359375,37047900
2023-02-15,261.54614998360546,263.89531203662176,259.46016095211655,262.5209045410156,28922400
2023-02-16,257.3547077929904,260.0060415876993,255.28823272818724,255.53192138671875,29603600
2023-02-17,252.8415909356279,253.52390125596546,249.5371588117941,251.54515075683594,30000100
2023-02-21,248.0555940681639,249.0401059222705,245.23855332825676,246.29129028320312,28397400
2023-02-22,247.6754065123544,247.9190951759008,244.0200765591585,245.16053771972656,22491100
2023-02-23,249.10829119149065,250.3559759296498,244.15653587973247,248.33824157714844,29219100
2023-02-24,243.6496684913582,244.66340673985152,241.83662432455813,242.9283447265625,24990900
2023-02-27,246.08658915391715,246.43750145661366,243.09408495125825,243.8446502685547,21190000
2023-02-28,242.78216630386783,245.1410709516809,242.4507383937105,243.12332153320312,22491000
2023-03-01,244.4294802167035,244.59518672884,239.58494822729267,240.05284118652344,27565300
2023-03-02,240.32576623774196,245.05331745079246,239.4094944705545,244.77064514160156,24808200
2023-03-03,245.82339261513917,249.16679413004076,245.04358587267618,248.84512329101562,30760100
2023-03-06,249.9563441934913,253.55319146823706,249.51770754686837,250.38523864746094,24109800
2023-03-07,249.82961864090797,251.18454195758378,246.99309375726955,247.73390197753906,21473200
2023-03-08,247.62667058752513,248.11404792403098,244.47821715829852,247.29525756835938,17340200
2023-03-09,249.36172961054302,253.00730230567757,245.22876474046697,245.95008850097656,26653400
2023-03-10,244.7414454274834,246.40826786388783,241.34930277084734,242.31430053710938,28333900
2023-03-13,241.15429996225072,251.3989810865607,239.5264614444424,247.50970458984375,33339700
2023-03-14,250.26828132059583,254.47922896742975,249.40075019061067,254.206298828125,33620300
2023-03-15,253.41667945505924,259.75258355094957,252.66609947014194,258.73883056640625,46028000
2023-03-16,258.51466054625075,269.57813126600007,256.6333912973098,269.22723388671875,54768800
2023-03-17,271.23531632980917,276.1773012168658,269.34428938591367,272.3757629394531,69527400
2023-03-20,269.98756773899805,270.47494508940247,263.0375619626868,265.35748291015625,43466600
2023-03-21,267.94061395407743,268.0575797747977,262.7159125670362,266.8683776855469,34558700
2023-03-22,266.4979179833595,273.9450578612845,265.3087161087697,265.41595458984375,34873300
2023-03-23,270.92332074814243,273.9645506194871,268.25250241830935,270.650390625,36610900
2023-03-24,270.2409282951902,273.54536033168523,268.330417802735,273.48687744140625,28172000
2023-03-27,273.4187565285179,274.35451292753913,268.56446629186837,269.40277099609375,26840200
2023-03-28,268.8276290958363,269.1687992182552,265.18202599070054,268.2817687988281,21878600
2023-03-29,271.9175487241211,274.0425364680911,271.3814455656998,273.4284362792969,25087000
2023-03-30,277.054537290587,277.27871183195333,274.3739618829966,276.8790588378906,25053400
2023-03-31,276.5671528059377,281.96727225154604,275.8555711889492,281.0217590332031,32766000
2023-04-03,279.286723502298,280.992544334595,276.78162637356223,279.97882080078125,24883300
2023-04-04,279.9788398181857,283.11755155269356,278.45822466702356,279.9300842285156,25824300
2023-04-05,278.6336322553814,279.90080144519544,275.77760817176124,277.1617431640625,22064800
2023-04-06,276.0602288528665,284.70629698554035,274.9100256186965,284.2384338378906,29770300
2023-04-10,281.90875009189506,282.28891863830444,277.5223546944505,282.084228515625,23103000
2023-04-11,278.5361465748028,278.7603508575734,274.5299191651681,275.6898498535156,27276600
2023-04-12,277.6003898328518,279.7643463826104,274.8418174679427,276.33319091796875,27403400
2023-04-13,276.43070139440715,282.5814016075444,276.02132104979927,282.5229187011719,24222700
2023-04-14,279.75459555412215,281.197243201843,276.5281599154827,278.91632080078125,20987900
2023-04-17,282.6106328823751,284.23848637686285,278.93581824426053,281.5091552734375,23836200
2023-04-18,284.2092540026853,284.3944597878288,279.7643746535523,281.09002685546875,20161800
2023-04-19,278.7700208228647,281.7527671155864,277.3566446923562,281.1679382324219,17150300
2023-04-20,278.0487492496202,281.7333204424285,277.88302787911294,278.88702392578125,23244400
2023-04-21,277.81486288712955,279.0430336532182,275.9140792116014,278.5459289550781,21676400
2023-04-24,274.9685448486902,277.75635870948304,271.6836263278282,274.6566162109375,26611000
2023-04-25,272.45369257019934,274.49092630001803,268.41819388016194,268.4669494628906,45772200
2023-04-26,289.20974000859206,292.0072813214267,285.3399625443694,287.9132995605469,64599200
2023-04-27,288.49811850361414,297.49511411918564,287.7962940057379,297.1344299316406,46462600
2023-04-28,296.33519048615636,301.13096702652024,295.6528502866571,299.5031433105469,36469600
2023-05-01,299.2204771506516,300.8093322076719,297.4464163049507,297.8460693359375,21294100
2023-05-02,299.9905392914893,301.3746744145902,296.2377274555762,297.6998596191406,26404400
2023-05-03,298.8792887083803,300.819041090019,296.4131604465873,296.71533203125,22360800
2023-05-04,298.5088929942314,299.9905392914893,295.74059300087464,297.6998596191406,22519900
2023-05-05,298.00202238980415,304.09423955747224,296.58861610804354,302.80755615234375,28197100
2023-05-08,302.3006492277248,302.36888918912433,298.36263230970064,300.8580017089844,21318600
2023-05-09,300.22444953048654,302.2129574604757,298.5771116971217,299.24969482421875,21340800
2023-05-10,300.82875139238996,305.09818117929905,299.90275239684433,304.42559814453125,30078000
2023-05-11,302.2714311285641,303.2656701896078,298.5283767405059,302.2811584472656,31680200
2023-05-12,302.71005168658775,302.8075331032812,298.8597885779878,301.1699523925781,19774700
2023-05-15,301.2966855922646,302.0764774582507,299.82479646702666,301.6475830078125,16336500
2023-05-16,302.0081798964215,305.79023219423584,302.0081798964215,303.8699645996094,26730300
2023-05-17,305.0715994717328,307.1621190650021,303.5574089684494,306.7420654296875,24315000
2023-05-18,307.2598287418547,311.665592368816,306.4685537852504,311.1575927734375,27276000
2023-05-19,309.4187579694345,311.38230770853096,309.05731504102437,310.9817810058594,27546700
2023-05-22,311.23578210832846,315.13354641281757,310.6594231373723,313.7561340332031,24115700
2023-05-23,312.6326330108963,315.2604571188561,307.96312199673974,307.972900390625,30797200
2023-05-24,307.4551840291494,309.18426063109985,305.384161727715,306.59552001953125,23384900
2023-05-25,315.7684295776219,319.3438337465016,312.60333039724634,318.3865051269531,43301700
2023-05-26,316.53043497879963,325.69362591247574,316.3936865085404,325.1954345703125,36630600
2023-05-30,327.4813902004807,327.9795816142876,322.8802372817965,323.5542907714844,29503100
2023-05-31,324.6093167826368,328.1749431768424,319.76394285514135,320.7994689941406,45950600
2023-06-01,318.3963251868189,325.82066191290807,317.2143019258067,324.8926086425781,26773900
2023-06-02,326.5239875083562,329.6988654721622,324.8632701870316,327.64739990234375,25873800
2023-06-05,327.4716288893014,330.7344235831456,326.924575276692,328.17498779296875,21307100
2023-06-06,327.57907961755546,327.61816339427435,324.4921469370549,325.96722412109375,20396200
2023-06-07,323.9841067025186,326.75845825838536,315.045609330463,315.9052734375,40717100
2023-06-08,316.4522947423508,319.08989754628954,315.8759358684607,317.7417907714844,23277700
2023-06-09,317.4780989455627,322.3625278277662,316.9115183125898,319.23651123046875,22529000
2023-06-12,320.98500885005564,324.4236647224886,317.6440772974819,324.179443359375,24260300
2023-06-13,326.738912078587,329.1909043563213,322.75323214002157,326.5630798339844,22951300
2023-06-14,326.61191533447175,331.20328940233077,325.11728161658255,329.5425720214844,26003800
2023-06-15,329.6793142407834,341.7536041604146,329.40578750574196,340.0538330078125,38899100
2023-06-16,343.1994581968657,343.3459850753044,334.04604484014123,334.417236328125,46552000
2023-06-20,331.4669997090526,334.17296167361366,328.09673298112693,330.2361145019531,26375400
2023-06-21,328.59502188215436,329.92360187076076,324.39442550484875,325.8499755859375,25117800
2023-06-22,326.3969713207667,332.2582841920234,325.6350018399905,331.8577575683594,23556800
2023-06-23,326.6314665032556,330.14826075055646,325.7425268104143,327.2762145996094,23146900
2023-06-26,326.00619557719705,328.34093617153155,320.89707422323846,321.0045471191406,21520600
2023-06-27,324.18919728458985,328.38004429209786,321.68837287006505,326.8365783691406,24354100
2023-06-28,326.9244790599475,330.1677458174573,326.0941204884159,328.08697509765625,20259500
2023-06-29,326.97334345829574,328.3409772213773,324.93165630266327,327.30548095703125,16997000
2023-06-30,329.94312088694005,334.8080220472076,329.4058457163647,332.66864013671875,26832800
2023-07-03,331.3497646514175,333.0202303553527,328.79032964679084,330.177490234375,12508700
2023-07-05,327.3445947298887,333.7529619318794,326.99293022093957,330.3338623046875,18172400
2023-07-06,329.5034469606341,335.0619274987614,327.7450650936466,333.3816833496094,28161200
2023-07-07,331.47685037654594,333.8897591570252,329.210468483103,329.4253845214844,21214800
2023-07-10,326.86590410565805,327.4813467591402,320.017927004541,324.159912109375,32791400
2023-07-11,323.4077743662795,325.1661566846007,319.4416208471581,324.7851867675781,26698200
2023-07-12,328.81962452892355,333.7528837679295,327.9111282813893,329.40576171875,29995300
2023-07-13,331.711272694216,335.7946473564409,331.18374612162296,334.7396240234375,20567200
2023-07-14,339.55563567406386,343.3068725083686,336.35145234816736,337.25994873046875,28352700
2023-07-17,337.689785296776,338.9695029653532,334.29024270759476,337.7386474609375,20363900
2023-07-18,337.83628312548785,358.3020452926389,334.2609086018875,351.1805419921875,64738600
2023-07-19,353.38833709875524,354.0819174710134,344.29353528638507,346.87249755859375,39732900
2023-07-20,345.39747131192405,349.69576227029717,337.38699694372247,338.8523254394531,33778400
2023-07-21,341.07959326630163,342.20300571747845,331.97501253322577,335.8239440917969,69405400
2023-07-24,337.8558195166584,338.9010940432824,334.3976368740866,337.1329040527344,26678100
2023-07-25,339.0867071747874,343.75624842360725,337.0938822455354,342.8672790527344,41637700
2023-07-26,333.54776814346803,336.7031188576935,325.4102957060048,329.96258544921875,58383700
2023-07-27,332.61003601882766,333.4403649695194,321.444210409782,323.07562255859375,39635300
2023-07-28,325.9573926830905,332.1508430764587,325.4689499409115,330.5487365722656,28484900
2023-07-31,329.13228102338303,329.89425053304086,325.6545411607463,328.1553955078125,25446000
2023-08-01,327.4422614370604,330.7148339075202,325.9867115450311,328.565673828125,18311900
2023-08-02,325.9183364890345,325.9183364890345,318.8163593371292,319.9300231933594,27761300
2023-08-03,318.46465754141326,322.25497786737617,318.41582519365545,319.1094055175781,18253700
2023-08-04,324.20878906184083,327.393445572908,319.67602568873457,320.20355224609375,23741500
2023-08-07,320.7798736154958,323.45653023504116,319.94951501235715,322.4796447753906,17741500
2023-08-08,319.4024887084689,321.151122177393,315.5340303066097,318.5135192871094,22327600
2023-08-09,318.92378395332815,319.5489751191951,313.6290518646597,314.78179931640625,22373300
2023-08-10,318.4841791092021,320.67242275810133,313.75605717646994,315.4656066894531,20113700
2023-08-11,312.8574236161069,314.95772190728826,311.83167574447026,313.590087890625,24355500
2023-08-14,313.9612774318456,316.56954529016974,312.6815298680751,316.5500183105469,18836100
2023-08-15,315.53401288819225,317.5756999823602,313.48254739923874,314.42034912109375,16966300
2023-08-16,314.0484359824023,317.5922746110622,313.06948196765,313.6568603515625,20698900
2023-08-17,313.79391260029473,315.09590822983125,309.5550251977014,310.2109375,21257200
2023-08-18,307.8711973932979,311.679342341884,304.99307058455463,309.8193359375,24755000
2023-08-21,311.23877242073405,315.9769051965937,310.3675190796091,315.10565185546875,24040000
2023-08-22,318.6495208997528,319.2173010637489,314.6945384503818,315.6734924316406,16084600
2023-08-23,317.00485374224843,322.2716304158125,316.65241480901244,320.117919921875,21166400
2023-08-24,325.84483270814246,325.97210150343915,313.2261017791745,313.23590087890625,23281400
2023-08-25,314.70426538436715,318.5123799630537,312.09044570865603,316.1824951171875,21684100
2023-08-28,318.8061007178544,319.285778523708,314.94902032407407,316.8873596191406,14808500
2023-08-29,315.1056925945481,322.056271402599,315.1056925945481,321.4982604980469,19284600
2023-08-30,321.75273907140877,322.86873080054954,319.57946057224274,321.8702087402344,15222100
2023-08-31,322.2716651283224,323.9456680844239,319.90258332981267,320.8619689941406,26411000
2023-09-01,324.33720272503615,325.00288418337306,319.9025429102048,321.74298095703125,14942000
2023-09-05,322.07580143984785,327.8026871669536,321.74296073160247,326.530029296875,18553900
2023-09-06,326.3636224074877,327.42087936565457,323.23095829944674,325.8741455078125,17535800
2023-09-07,324.31760527996926,326.06991103130065,322.10516018294953,322.9666442871094,18381000
2023-09-08,323.1428437260037,329.08510023164433,322.52609807587226,327.23486328125,19530100
2023-09-11,330.1423571352341,331.29754527961506,328.3704532160462,330.82763671875,16583300
2023-09-12,328.7522562072044,329.70184254177326,324.5036005080368,324.7874755859375,17565500
2023-09-13,324.33721264984047,329.76062559468676,324.2001746396606,328.98724365234375,16544400
2023-09-14,332.01219710477335,333.68619984765456,329.48650927999284,331.5716857910156,20267000
2023-09-15,329.82917548465673,330.29905425690873,322.7121612017879,323.2701721191406,37679800
2023-09-18,320.90106058890035,323.4463465779978,319.4913646526402,322.1345520019531,16834200
2023-09-19,319.3053983263758,322.45763099664185,317.6803313099975,321.7331848144531,16505900
2023-09-20,322.57512067569024,322.6534238453553,313.7645352608611,314.01904296875,21436500
2023-09-21,312.54080796824985,318.50263318201627,308.37045511046944,312.80511474609375,35560400
2023-09-22,314.5574848611761,314.6847536524901,309.4962798834054,310.33819580078125,21447900
2023-09-25,309.9269765789233,310.9842634015669,308.3704436389246,310.85699462890625,17836000
2023-09-26,308.4977104446982,309.2319257820145,303.49524107796117,305.5706481933594,26297600
2023-09-27,305.7272625333357,307.6851701509051,303.1722074325514,306.20697021484375,19410100
2023-09-28,304.4448414726015,308.84036447643473,302.9372740873856,307.0390930175781,19683600
2023-09-29,311.06258297495117,312.746384776468,308.35089159051364,309.10467529296875,24147300
2023-10-02,309.6234991428816,315.1154453625428,308.5466440139972,315.0273132324219,20570000
2023-10-03,314.0777307403494,314.6259723470464,304.66020007739525,306.7943420410156,21033500
2023-10-04,307.4208957324774,313.3044183025866,307.391528310135,312.24713134765625,20720100
2023-10-05,312.3743651035606,313.24564832750764,308.27254628304615,312.638671875,16965600
2023-10-06,309.8878491254301,322.26184092251725,309.6431106472469,320.3724670410156,25673600
2023-10-09,317.91532739359235,323.3485104150923,316.37836236668136,322.8786315917969,19891200
2023-10-10,323.9945568948938,324.13162477364205,320.7738202479149,321.4786682128906,20557100
2023-10-11,324.23927254305164,325.81540366125716,322.21286092721374,325.423828125,20063200
2023-10-12,323.6128199146543,326.608416662478,321.8017491013521,324.1903991699219,19313100
2023-10-13,325.3846793916084,326.8041445225291,319.49135820401887,320.8325500488281,21072400
2023-10-16,324.0826582883067,329.06555964733286,323.6421469834392,325.63922119140625,22158000
2023-10-17,322.6533636519186,326.44190989346447,320.5192516418675,325.0713806152344,18338500
2023-10-18,325.49229856493486,328.5270609392468,321.3904802675339,323.1623840332031,23153600
2023-10-19,325.15944219581166,329.7899036203386,323.94554925483123,324.346923828125,25052100
2023-10-20,324.7385967213242,324.93439945615916,318.60056637565555,319.7948913574219,25027700
2023-10-23,318.62015086662296,325.7273662724693,317.56289372065373,322.3891296386719,24374700
2023-10-24,324.3273920928105,324.8560355263617,320.70528084515973,323.5736083984375,31153600
2023-10-25,337.7586697804962,338.91385810810175,330.5144167677778,333.500244140625,55053800
2023-10-26,333.37295718073534,334.4400133073603,320.0591786565096,320.98919677734375,37828500
2023-10-27,323.47569046023347,329.63331810351394,321.4884154812009,322.8687438964844,29856500
2023-10-30,326.3929629369711,332.3058517630052,324.8461993312582,330.21087646484375,22828100
2023-10-31,331.71843401779967,331.8652710830433,327.6459834483826,330.9939880371094,20265300
2023-11-01,332.6387311841403,340.1081537078223,332.5016633074158,338.78656005859375,28158800
2023-11-02,339.93190993700205,341.4884429030558,337.51389284186956,340.98919677734375,24348100
2023-11-03,342.2716414539088,346.93147136857294,340.02002965992455,345.3749084472656,23637700
2023-11-06,346.0112633950899,350.0151812088652,345.91336203130555,349.02642822265625,23828300
2023-11-07,351.83600759444016,354.83160398439014,350.1032700356418,352.9422302246094,25833900
2023-11-08,354.06806216465225,356.2119737336277,352.96183940642334,355.55609130859375,26767800
2023-11-09,354.6749477041347,357.11256296700316,352.77577495327927,353.0988464355469,24847300
2023-11-10,353.88202716517856,362.31083557483976,353.47088326732273,361.889892578125,28042100
2023-11-13,360.4703964021509,360.71513487046275,358.1992162461448,358.9627990722656,19986500
2023-11-14,363.2016494775537,364.1218684157094,359.6186750774512,362.4772033691406,27683900
2023-11-15,364.20368992773217,366.0184363495822,360.1131537221127,362.6243896484375,26860100
2023-11-16,363.88979560921166,369.17708096054344,363.1246629725075,369.0005187988281,27182300
2023-11-17,366.4893122703207,367.2348369276998,360.00530734381556,362.8009948730469,40157000
2023-11-20,364.1448242296059,371.6490149349355,363.9290160684621,370.24627685546875,52465100
2023-11-21,368.5100468166504,369.0495522871196,364.0467481750121,365.9595947265625,28423100
2023-11-22,370.79563367244174,372.5515261398846,367.82338415552084,370.64849853515625,23345300
2023-11-24,370.1383806452385,370.766197129462,367.99014782412655,370.2364807128906,10176600
2023-11-27,369.5989038114079,373.38535117738047,369.0299712724483,371.3940124511719,22179200
2023-11-28,371.1389381343408,375.70030662709087,370.9525569972749,375.4060363769531,20453100
2023-11-29,376.44584793002184,376.97553440384473,370.24629493974936,371.6294250488281,28963400
2023-11-30,371.2762546529022,372.8457658390955,368.313824366715,371.6882629394531,30554400
2023-12-01,369.57924804408185,370.95255911244834,364.23310896058763,367.37213134765625,33040500
2023-12-04,362.06527668869364,362.47725508494324,355.98343139448775,362.1045227050781,32063300
2023-12-05,359.46575623768496,365.9693683802573,358.65155863650625,365.4200439453125,23065000
2023-12-06,366.4206145498899,367.04840106048385,361.0156214613024,361.77093505859375,21182100
2023-12-07,361.21181439248187,364.3704447283438,359.3382140130918,363.8799743652344,23118900
2023-12-08,362.16331218821597,367.3230398250767,361.2117985281366,367.0974426269531,20154400
2023-12-11,361.4570668899954,364.51759731266617,359.12242306000167,364.2232971191406,27708800
2023-12-12,363.78190900979564,367.28387492110465,363.3993277208236,367.24462890625,24838300
2023-12-13,368.8533792298406,370.44252860296217,363.7034396055238,367.2348327636719,30955500
2023-12-14,366.19503694947514,366.6364723191659,357.1900068696794,358.9556884765625,43277500
2023-12-15,359.8580993724713,365.30230824664153,359.2989559925913,363.6641540527344,78502300
2023-12-18,362.4085843593443,365.89091216563435,361.65324079721444,365.5475769042969,21802900
2023-12-19,364.40968123442,366.1459655761719,362.79113493260104,366.1459655761719,20603700
2023-12-20,367.852799906723,368.8631677330293,363.46799333439736,363.5562744140625,26316700
2023-12-21,365.45926060979707,367.2740068711911,362.98730085105643,366.42059326171875,17708000
2023-12-22,366.557985599773,368.0293969388241,365.60647173641576,367.4408264160156,17107500
2023-12-26,367.852803392138,369.7558309565617,366.38139217856946,367.519287109375,12673100
2023-12-27,366.56772847108294,367.9116124252774,365.7044958750045,366.94049072265625,14905400
2023-12-28,368.2157224809446,369.2849443001597,367.0287925621367,368.12744140625,14327000
2023-12-29,368.8337398258849,369.9716347431921,366.361779793351,368.87298583984375,18730800
2024-01-02,366.73451711634624,368.7356447522221,359.7796503608471,363.801513671875,25258600
2024-01-03,361.97695939537715,366.1459576250118,361.48648901542015,363.5366516113281,23083500
2024-01-04,363.6053166389914,365.9889954484458,360.1720240549271,360.9273376464844,20901500
2024-01-05,361.9376851103461,364.96878822939505,359.5147604251864,360.7409362792969,21004600
2024-01-08,362.26142084093584,368.04899543580075,361.9769695664422,367.5487060546875,23134000
2024-01-09,364.9197613954772,368.8238862439724,364.11538283242464,368.6277160644531,20830000
2024-01-10,369.1966857666869,376.84804200266086,369.1476507008414,375.4747009277344,25514200
2024-01-11,378.6431088178606,383.23390409247884,373.1302268937335,377.2992248535156,27850800
2024-01-12,378.14279565343315,381.2719986726898,377.3188091126789,381.0660095214844,21661200
2024-01-16,386.1571910674611,386.52013440392574,380.2322997601581,382.831787109375,27202300
2024-01-17,380.58540492477397,382.67478358686355,377.47580955942465,382.0469970703125,22234100
2024-01-18,384.2541423864291,386.4808672893111,382.68463107425833,386.3631591796875,23392100
2024-01-19,388.21711414753673,391.0716552734375,386.0001785110236,391.0716552734375,29331100
2024-01-22,392.3959938055846,392.984564371418,386.0885505890668,388.9529113769531,27016900
2024-01-23,388.2073142541726,391.7681340805433,386.4219948473302,391.2972717285156,20525900
2024-01-24,393.8869938433054,397.89903829237466,392.81777191847715,394.8875427246094,24867000
2024-01-25,396.6139674673759,399.25270045475327,394.858075159448,397.1534729003906,21021200
2024-01-26,396.6629700452043,398.42868119543533,394.7599427692064,396.2313537597656,17803300
2024-01-29,398.3208248033987,402.16612596865383,396.6237864171102,401.91107177734375,24510200
2024-01-30,404.4026783420674,405.17760004808207,398.70341448382425,400.8026123046875,33477600
2024-01-31,399.20363992935813,407.4043201802484,389.639467600293,390.0024108886719,47871100
2024-02-01,394.17141257606636,400.2238302394902,394.1419855506921,396.0842590332031,30657700
2024-02-02,396.11370188933375,404.7852149654356,395.86846668943514,403.3824768066406,28256700
2024-02-05,402.08760781050484,403.32360273614995,396.290244380319,397.9186096191406,25352300
2024-02-06,398.14430007293356,400.1944629759933,395.2309043820716,397.76171875,18382600
2024-02-07,399.67453429921477,406.4037740259386,399.6352882839393,406.1585388183594,22340500
2024-02-08,406.15852265638233,407.6397528307197,404.66750343056947,406.2173767089844,21225300
2024-02-09,407.33560297017937,412.7994495492497,407.1786488746158,412.5345764160156,22032800
2024-02-12,412.5444019957292,412.7209641300854,406.8451391501877,407.3454284667969,21202900
2024-02-13,397.2221636270064,402.2543946406928,395.70171738557195,398.57586669921875,27824900
2024-02-14,401.03272774217567,402.7721928081846,397.5930862054174,402.42822265625,20401200
2024-02-15,401.10153638347543,402.07445398469247,397.31792461353893,399.54876708984375,21825500
2024-02-16,400.9246260176193,401.24895188558764,396.4825852713034,397.0918884277344,22296500
2024-02-20,396.28606324841394,397.5145068330212,391.1462744848481,395.8438415527344,24307900
2024-02-21,393.2689765841808,395.3524118295115,390.3698381114288,395.2442932128906,18518900
2024-02-22,403.1161813071161,405.710638303165,401.52412337910727,404.5509948730469,27009900
2024-02-23,408.5016799323737,408.6883757427927,401.9172111140197,403.2635803222656,16295900
2024-02-26,404.3642838981377,405.05222425854834,400.3349831970826,400.51190185546875,16193500
2024-02-27,400.9541264549498,401.27845233828214,396.88553712565647,400.45294189453125,14835800
2024-02-28,401.1408710933735,402.24155173669396,398.3302065928444,400.6888122558594,13183100
2024-02-29,401.59293981884394,407.05705416129825,398.9198455368932,406.5067138671875,31947300
2024-03-01,404.17756158377745,408.6982397267373,403.7943028017663,408.3346252441406,17823400
2024-03-04,406.3101908967546,410.15276617969135,405.2095102002069,407.7646789550781,17596000
2024-03-05,406.8210987194046,407.1061059600039,393.73082982567126,395.7061462402344,26919200
2024-03-06,396.0207434176088,398.1729790488092,391.5197391699057,395.1559143066406,22344100
2024-03-07,399.1164419123647,402.7133286861513,395.30334784644975,402.0843811035156,18718500
2024-03-08,400.9245831223799,403.3421811822811,397.3571789041796,399.214599609375,18002200
2024-03-11,396.7971025481086,398.68397503984977,394.34021545583295,397.5439758300781,16120800
2024-03-12,400.5904729541975,408.4033849510457,399.77479973523793,408.1183776855469,22457000
2024-03-13,410.88979275530687,410.96839994406946,404.3544792559954,407.9415283203125,17115900
2024-03-14,412.9928939125644,420.44219256711494,410.7816954714427,417.88702392578125,34157300
2024-03-15,412.0592095701896,415.31212509375916,405.67130428358104,409.23870849609375,45079900
2024-03-18,407.10616562272253,413.4744273628243,406.6442696787311,410.12322998046875,20106000
2024-03-19,410.6243607307359,414.39816496544705,408.38368133647776,414.14263916015625,19837900
2024-03-20,414.7225113763612,418.61421185332546,413.4056235884817,417.8968200683594,17860100
2024-03-21,422.4174518440492,423.3903994195494,419.79351351352574,421.96539306640625,21296200
2024-03-22,422.2897491598315,422.446963535343,418.7223444405752,421.3462829589844,17648500
2024-03-25,417.9066799433217,420.03927125139006,414.3392748930156,415.5677185058594,18060500
2024-03-26,418.2702405050307,418.64369211377476,414.08372560652526,414.3785400390625,16725600
2024-03-27,417.1204243635022,417.13026150811925,411.78407332169564,414.1623229980469,16705000
2024-03-28,413.70042062857715,414.5947310272611,411.89215553357553,413.4645690917969,21871200
2024-04-01,416.6389267777452,420.51098325002465,414.9387501061958,417.24822998046875,16316000
2024-04-02,412.8651299341305,415.0960026612766,410.6342871982826,414.1722106933594,17912000
2024-04-03,412.49166464341647,415.96078773337547,411.8626872035861,413.1992492675781,16502300
2024-04-04,417.66095627375125,421.27751676074166,410.3689323931849,410.673583984375,19370900
2024-04-05,412.76683489834704,419.1547408159618,411.10597696046364,418.1817932128906,16554800
2024-04-08,417.8378673566601,419.91146556821536,416.00009070624833,417.2678527832031,14272400
2024-04-09,419.0859553029516,420.3635245342137,414.34907001434647,418.9287109375,12496900
2024-04-10,414.90926057255786,416.71752584552905,412.46221066374153,415.9608154296875,16216600
2024-04-11,418.4766641791292,421.96543178968227,415.076310912024,420.5502624511719,17966400
2024-04-12,416.7371538463039,417.84767154999884,412.5309645735886,414.6242370605469,19253800
2024-04-15,419.2432078029309,419.4594150607099,406.30031376342345,406.5067138671875,20273500
2024-04-16,407.42067380289205,411.1846115754289,406.59516335126955,407.43048095703125,16765600
2024-04-17,410.0544389834795,411.65633410094387,403.25376259314334,404.73773193359375,15855500
2024-04-18,403.5485840383649,404.786864609064,396.983789567324,397.2982482910156,21029900
2024-04-19,397.0624207324797,398.48742718931453,390.91036608589934,392.2370910644531,30565800
2024-04-22,393.1804896634458,395.9027393940693,388.9251749817352,394.0453186035156,20286900
2024-04-23,397.2688218184954,401.1605527245356,396.10917826173034,400.5414123535156,15734500
2024-04-24,402.4970536697523,405.3568737379943,399.76499652417516,402.00567626953125,15065300
2024-04-25,387.23492698224936,392.993886513837,381.3383973548316,392.1585388183594,40586500
2024-04-26,405.0620486762338,405.8777219430486,398.7625869715763,399.31292724609375,29694700
2024-04-29,398.2613746922827,399.31292950505053,392.30588312333157,395.3131103515625,19582100
2024-04-30,394.5662074998568,395.2246663994194,382.4586913890698,382.61590576171875,28781400
2024-05-01,385.83931510454033,394.79222617325195,383.5789912516123,388.129150390625,23562500
2024-05-02,390.8022983361386,393.0331410549717,387.84419663220166,390.97918701171875,17709400
2024-05-03,395.3425934548566,400.12860445610875,394.92982324925293,399.6470642089844,17446700
2024-05-06,401.7108501382599,406.7916755135943,399.36205183771864,406.4084167480469,16996600
2024-05-07,407.50911609687097,407.5189532422579,402.03516456718575,402.2808532714844,20018200
2024-05-08,401.13105042212936,405.1210326153664,399.6962067828019,403.4601745605469,11792300
2024-05-09,403.48962134136315,405.60253803694064,402.04497067197207,405.2094421386719,14689700
2024-05-10,405.8187609135271,408.2166849740278,404.698406069441,407.58770751953125,13402300
2024-05-13,410.8012920746048,411.13542506578466,403.73528354862395,406.58526611328125,15440200
2024-05-14,404.9145973369448,410.29026696650755,404.4527014093116,409.3763122558594,15109300
2024-05-15,411.4340293579302,417.25259039103736,410.81377223604346,416.53387451171875,22239500
2024-05-16,415.2736611097877,418.8376756715858,413.84611435268135,414.4761962890625,17530100
2024-05-17,416.00224831627656,416.3763735645946,411.56201978291415,413.7082824707031,15352200
2024-05-20,413.7082200976142,420.16671696584166,413.4916228836326,418.75885009765625,16272100
2024-05-21,420.2258753914369,426.27088889031637,418.2765300972595,422.4017028808594,21453300
2024-05-22,423.4353640639669,425.719474725285,420.5211715226864,423.85870361328125,18073700
2024-05-23,426.2708180980622,426.89107515061806,418.83764844643395,420.3931884765625,17211700
2024-05-24,420.58025544710625,424.39037161476875,417.84327052223153,423.5043029785156,11855300
2024-05-28,422.98250841239616,424.1540984130066,419.99939161518114,423.6618347167969,15718000
2024-05-29,419.10343616970863,424.2722045863308,419.10343616970863,422.52960205078125,15517100
2024-05-30,417.7349716036768,417.7349716036768,407.8306281783295,408.2539978027344,28394500
2024-05-31,410.3017776619535,410.3017776619535,398.2511723788605,408.70684814453125,47995300
2024-06-03,409.10070551791864,409.98677424724076,402.5929932498963,407.1217956542969,17484700
2024-06-04,406.04863004617806,409.99659455099004,403.341179685009,409.63232421875,14348900
2024-06-05,411.3454112041521,417.5183874951578,409.8587651411263,417.4494934082031,16988000
2024-06-06,417.44944957036887,418.7293231019465,414.0724979392672,417.9515380859375,14861300
2024-06-07,419.60560716420275,419.68435613947076,416.4551073364084,417.2919616699219,13621700
2024-06-10,418.1288206635897,421.45649821147657,417.3313558315188,421.249755859375,13982900
2024-06-11,418.8966815592582,426.12310825195254,418.6702294665461,425.9852600097656,14551100
2024-06-12,428.5844790234761,436.53944727057524,426.54650007534946,434.23565673828125,22366200
2024-06-13,434.0289338170149,436.52964196122593,432.57182236972,434.74761962890625,15960600
2024-06-14,431.49865916361745,436.2834778568933,429.96279885352675,435.7222900390625,13582000
2024-06-17,435.7420189694067,443.96282953462116,433.9009573670922,441.4325866699219,20790000
2024-06-18,442.75181252074634,443.1751821409538,438.00641324566425,439.4339599609375,17112500
2024-06-20,439.3945559147101,439.6210080275433,434.4423844149745,438.8038635253906,19877400
2024-06-21,440.45787995794916,443.6083496603445,439.60134591371855,442.82073974609375,34187100
2024-06-24,442.84039572999666,445.74476346815527,439.50286359400394,440.7433776855469,15913700
2024-06-25,441.3143898379412,444.4353547941903,439.83759879553867,443.9726257324219,16413400
2024-06-26,442.05283004707155,446.58166237734525,441.2553652071883,445.1639404296875,16507000
2024-06-27,445.1836151073107,449.11190006347704,444.7799552473841,445.84326171875,14806300
2024-06-28,446.05981801420484,448.33407381119525,439.5028621939787,440.0345153808594,28362300
2024-07-01,441.71809469633655,450.2933204774516,438.76451231040363,449.6632385253906,17662800
2024-07-02,446.1878533998419,452.47896819642483,446.09921948918884,452.17376708984375,13979800
2024-07-03,451.1005881786126,453.88678735468443,450.79538710423196,453.6406555175781,9932800
2024-07-05,452.49864781422883,461.1034381760004,451.86856586852235,460.3256530761719,16000300
2024-07-08,459.33126311315795,460.4634937005408,457.27360437796756,459.02606201171875,12962300
2024-07-09,459.77428381745585,460.09916463101644,450.91353744838284,452.4297180175781,17207200
2024-07-10,454.08377755329457,459.2426920705962,451.7602770153543,459.03594970703125,18196100
2024-07-11,455.81649732303464,457.5886345893225,444.5633265323156,447.66461181640625,23111200
2024-07-12,447.3003398715442,449.2989293786312,443.6772860929006,446.53240966796875,16324300
2024-07-15,446.28627396172595,450.185024234339,444.44521246679955,446.9360656738281,14429400
2024-07-16,447.19208006387777,447.27082904351875,439.74905460392523,442.5647888183594,17175700
2024-07-17,435.74198947896895,437.9670310742686,432.38474735385836,436.6575927734375,21778000
2024-07-18,437.46494130393756,437.7701424222079,427.67873564964367,433.5563659667969,20794800
2024-07-19,426.39883667006126,434.3144456334854,425.31585048613374,430.3467712402344,20940400
2024-07-22,434.95437784378936,437.7208974938516,432.1189340633458,436.0865783691406,15808800
2024-07-23,437.0317279223722,441.4522765923751,436.24411798255437,437.967041015625,13107100
2024-07-24,433.6351033912307,434.64916540683873,420.9740654607642,422.2637939453125,26805800
2024-07-25,422.1653800411885,423.1499075413269,411.0500861973103,411.9263000488281,29943800
2024-07-26,411.7293557750341,422.28349032231534,410.8137224917234,418.68994140625,23583800
2024-07-29,424.90231413559286,425.46350195400487,418.1287909882396,420.12738037109375,15125800
2024-07-30,421.1020314288797,422.41143955979663,410.9023126509883,416.3763122558594,32687600
2024-07-31,413.9937725831716,415.2539664560443,405.8320320070505,411.8770446777344,42891400
2024-08-01,414.2792724511176,420.84605305704525,406.69839983005807,410.65618896484375,30296400
2024-08-02,406.10769576372263,408.5788691410044,398.08380349930894,402.1695861816406,29437900
2024-08-05,383.1485558976655,394.83489176821496,379.6140759587015,389.0360107421875,40709200
2024-08-06,393.81095153508136,399.39323499306323,392.3341604668248,393.4269714355469,24946500
2024-08-07,402.3173055349637,403.7349973998657,391.32012086399686,392.2652587890625,20650900
2024-08-08,396.21324922868644,399.58031645092876,393.75193048039444,396.4593811035156,20203000
2024-08-09,397.77859311198716,401.73638233312255,396.03599047899144,399.73779296875,19276700
2024-08-12,400.76175687200634,402.4354656198074,397.9853821448799,400.515625,16762900
2024-08-13,403.2525929980432,408.52967573215994,403.23291326546496,407.6042175292969,19414300
2024-08-14,408.38197108714223,411.2568044389076,406.0683556338293,410.41009521484375,18267000
2024-08-15,414.0495635460023,415.34161674551206,411.9388929382302,415.2627258300781,20752100
2024-08-16,414.8386210132459,415.56847485047064,411.58380640221424,412.73779296875,22775600
2024-08-19,413.22099547904133,415.9727859407596,410.7552409684263,415.75579833984375,15234000
2024-08-20,415.9235063802004,420.0264956299884,415.864330676567,418.98101806640625,16387600
2024-08-21,418.27090283610073,420.55913050260955,415.943244764668,418.3301086425781,16067300
2024-08-22,418.54707521874735,420.94381179948715,408.9306313403218,409.8577575683594,19361900
2024-08-23,411.2681797994915,413.51694694228206,406.4451490290269,411.0807800292969,18493800
2024-08-26,410.6664817766791,411.56402004001427,405.70538485264774,407.825927734375,13152800
2024-08-27,407.2046472922476,408.68410035771785,404.63041340611323,408.1712341308594,13492900
2024-08-28,409.19692623598894,409.315277644923,401.73061382710534,404.9755554199219,14882700
2024-08-29,409.25610570352524,416.268697643249,404.9755591436319,407.4610290527344,17045200
2024-08-30,409.9070510926303,411.7711459201445,406.48458250077,411.42596435546875,24308300
2024-09-03,412.18542969380115,414.1284456363182,401.45446023053216,403.8314514160156,20313600
2024-09-04,400.3498254636215,405.6068015782242,398.830912042889,403.2988586425781,15135800
2024-09-05,402.0363656944642,407.44131080829675,400.56678553175374,402.79583740234375,14195500
2024-09-06,403.4566777506577,405.0248942566708,395.30981392110493,396.197509765625,19609500
2024-09-09,401.66155199530795,403.0522412027111,396.641279237834,400.1623840332031,15295100
2024-09-10,402.60840384306965,410.6270121345657,402.1152529466913,408.5262145996094,19594300
2024-09-11,409.8084532189213,418.1821469994098,403.9695325309428,417.24517822265625,19266900
2024-09-12,417.51148327493246,421.51586685329676,414.00025068010603,421.15093994140625,17395700
2024-09-13,419.9969351521576,425.914746697553,419.6320082561189,424.6917419433594,15874600
2024-09-16,424.70160374609685,427.5914610863902,422.3542004104568,425.43145751953125,13834700
2024-09-17,434.1997005769437,435.79750485485505,426.3487157034463,429.18927001953125,18874200
2024-09-18,429.04136013434226,430.05724996700025,424.5142376703877,424.90875244140625,18898000
2024-09-19,435.1860014052933,435.452292084435,430.91529729082623,432.6807861328125,21706600
2024-09-20,431.23088727806737,433.2232061386539,428.27198178833163,429.3075866699219,55167100
2024-09-23,428.33121902605126,430.48135010026584,424.4945200082598,427.57177734375,15128900
2024-09-24,427.0686909653906,427.41390262464773,420.26321438100086,423.2911682128906,17015800
2024-09-25,423.94215074360574,427.1870925626301,422.69943076362244,426.19091796875,13396400
2024-09-26,429.1300753187062,429.33719028271923,423.2517246244965,425.40185546875,14492000
2024-09-27,425.6089779793521,425.93447445668835,421.6144673905514,422.15692138671875,14896100
2024-09-30,422.3443332995087,424.52408219664926,419.54323948144145,424.40570068359375,16807300
2024-10-01,422.5810498180969,422.6106376703255,413.07308530803846,414.9273376464844,19092900
2024-10-02,416.7914652693021,417.0281982052677,411.00187763203274,411.4161376953125,16582300
2024-10-03,411.9092940444477,413.8029769595959,408.6150490966078,410.834228515625,13686400
2024-10-04,412.5109097932594,414.00023534021534,409.28571331626097,410.36077880859375,19169700
2024-10-07,410.3016170053712,411.39639773757887,403.3975032576847,403.93011474609375,20919800
2024-10-08,405.2714281620606,409.9662346464486,402.5788433485802,409.02923583984375,19229300
2024-10-09,410.1635185105957,414.62162263212304,408.6248898614367,411.7416076660156,14974300
2024-10-10,409.5421386142519,411.63309377445904,407.49061385739407,410.1437683105469,13848400
2024-10-11,410.4396908978323,411.41612015597997,407.589263932771,410.6172180175781,14144900
2024-10-14,412.0473616280092,418.2314942204609,411.8007861364326,413.39862060546875,16653100
2024-10-15,416.39697063938524,416.6928792987612,409.57177766327413,413.00408935546875,18900200
2024-10-16,409.4829836231505,410.65665522282575,404.85722518493617,410.4199523925781,15508900
2024-10-17,416.57450753710987,416.7126042679644,409.8972536844407,411.01177978515625,14820000
2024-10-18,411.42598973201757,413.9015870376485,410.55803924257515,412.4320068359375,17145300
2024-10-21,410.4199513395574,413.22104518863654,408.08242059822123,413.04351806640625,14206100
2024-10-22,412.75749822543423,424.68188532771023,412.3136804024992,421.6539611816406,25482200
2024-10-23,424.95801224079617,425.1749998576998,416.7421308498749,418.7837829589844,19654400
2024-10-24,419.5037748840412,420.144895200207,416.6139175340375,418.9120178222656,13581600
2024-10-25,420.9142122484759,426.5952907757042,420.72681247783265,422.28515625,16899100
2024-10-28,425.7470788183642,426.02324214447043,420.46048501920137,420.74652099609375,14882400
2024-10-29,422.13726756090693,427.2364622843578,419.967391061662,426.0331726074219,17644100
2024-10-30,431.44794042425275,432.4934181148105,426.1810914644013,426.6051940917969,29749100
2024-10-31,409.6703738017444,410.4594334413064,400.73448031809437,400.7838134765625,53971000
2024-11-01,403.40733166804887,409.8084210802644,401.91800623395363,404.7486877441406,24230400
2024-11-04,404.1864784886832,404.79801090779887,400.0144410053543,402.8648376464844,19672300
2024-11-05,402.7760918050739,409.2166418436789,402.4900558335031,405.8237609863281,17626000
2024-11-06,406.77063429083336,414.6906371773605,404.89663664059157,414.42431640625,26681800
2024-11-07,415.5092700597973,421.0029789570154,414.12845339700306,419.6024169921875,19901800
2024-11-08,419.4939322441371,420.65776126477715,416.0024150826717,416.75201416015625,16891400
2024-11-11,416.7322586188732,418.9908983471605,410.3015812107333,412.2840576171875,24503300
2024-11-12,412.5207686609151,418.6259798148705,411.485163708279,417.23529052734375,19401200
2024-11-13,415.86440800280457,423.4490430245243,412.4813691184813,419.3756408691406,21502200
2024-11-14,419.17829445283394,422.304884622317,414.24678510633004,421.04241943359375,30246900
2024-11-15,414.06929022111444,417.0084507566798,407.9739514183208,409.3153076171875,28247600
2024-11-18,409.18708769998454,412.6687324009395,406.4550421174999,410.0649108886719,24727000
2024-11-19,407.4512222383487,412.215077958307,405.91259346035645,412.067138671875,18133500
2024-11-20,411.1597160983201,411.57397618834216,404.9558679972854,409.7986145019531,19191700
2024-11-21,414.5818472703372,414.85856338751086,405.47983232208855,408.0295715332031,20780200
2024-11-22,406.547145598137,412.50644943843054,406.2407824115055,412.11114501953125,24814600
2024-11-25,413.4749606494442,416.14328803070504,409.9863472135053,413.8801574707031,27691100
2024-11-26,414.67080652096905,424.0100286609721,413.93949178519347,422.9723205566406,23458900
2024-11-27,420.12605489536344,422.22122564388053,417.07228524559736,418.0309143066406,18332400
2024-11-29,415.16493646523105,419.8987878079345,412.90177557031507,418.49542236328125,16271900
2024-12-02,416.62759418862754,427.92358362660957,416.37063273208213,425.9272766113281,20207200
2024-12-03,424.80061260374794,427.3997836787713,422.72522667678595,426.1446838378906,18302000
2024-12-04,427.95323167121506,434.5153999624501,427.55792723241916,432.2917785644531,26009400
2024-12-05,432.78587611481566,439.4468472719849,431.05639296725934,437.4307556152344,21697800
2024-12-06,437.1145598403157,440.87002757046025,436.5907746503493,438.36968994140625,18821000
2024-12-09,437.4110061952819,443.0738089240489,435.3356203613735,440.7908935546875,19144400
2024-12-10,439.1800773312265,444.3487425824553,436.42277827381423,438.1324768066406,18469500
2024-12-11,438.8440482605507,445.07020661100427,438.8440482605507,443.72613525390625,19200200
2024-12-12,443.8446618873549,450.81202644259827,443.8446618873549,444.2893981933594,20834800
2024-12-13,443.1825414368637,446.13747735633456,440.3560560775405,442.0262451171875,20177800
2024-12-16,442.0262333394617,446.87867253224385,440.0595735829624,446.29559326171875,23598800
2024-12-17,445.72242348242105,449.95224407864544,444.2993034538041,449.1319580078125,22733500
2024-12-18,446.0287948744165,447.34318887069384,431.89642797238076,432.2621154785156,24444500
2024-12-19,436.4425256398133,437.98423408144293,431.2046739034814,431.9063415527344,22963700
2024-12-20,428.03224964237955,438.53762947103075,423.6047919913248,431.4813537597656,64263700
2024-12-23,431.61970806424813,432.51904296318025,427.7555447705133,430.1471862792969,19152500
2024-12-24,429.5541964268554,434.4461751355928,429.09959787026054,434.1793212890625,7164500
2024-12-26,433.9322924323696,435.7705018127553,431.5110338839644,432.9736633300781,8194200
2024-12-27,429.5048044431988,430.1175308072659,421.35152651661633,425.4825134277344,18117700
2024-12-30,421.0649558192297,422.5374777077036,416.9537232035626,419.849365234375,13158700
2024-12-31,421.1044562623139,421.727075036825,415.72823181420273,416.5583801269531,13246500
2025-01-02,420.54116958363784,421.0748471756245,409.98638702094667,413.6726379394531,16896500
2025-01-03,416.1432822085411,419.05870873446685,414.62135874681445,418.3866882324219,16662900
2025-01-06,422.9822197752049,429.2281326887413,420.491774572373,422.833984375,20573600
2025-01-07,423.9704579117962,425.6011074871905,415.8665816173968,417.4181823730469,18139100
2025-01-08,418.4954097350683,421.9642686702226,416.5979364179098,419.58251953125,15054600
2025-01-10,419.651700779007,419.73074959963856,410.15435142162687,414.0382995605469,20201100
2025-01-13,410.3717995418403,413.593589604229,407.45640284839305,412.2989501953125,17604800
2025-01-14,412.9116788431012,414.8190446806072,405.90480416806594,410.7967834472656,16935900
2025-01-15,414.2161960548363,423.13043625280113,413.3662628653434,421.31201171875,19637800
2025-01-16,423.6740181923037,424.45473467375496,419.41455019124714,419.602294921875,15300000
2025-01-17,429.0007970548674,429.386239236107,423.1502190446997,424.0001220703125,26197500
2025-01-21,425.1564304696716,425.84820570918225,420.61035394801814,423.4763488769531,26085700
2025-01-22,432.4301508467356,442.02630472978717,430.88844231911156,440.9688720703125,27803800
2025-01-23,436.81803684476205,441.51234832669104,436.3238987940327,441.4728088378906,18389300
2025-01-24,439.94102216929423,441.4135440071518,436.225094129831,438.8539123535156,15549500
2025-01-27,419.03899970511213,430.09781275609777,418.53496919379126,429.4653015136719,35647800
2025-01-28,429.5048071593075,443.1232508667098,426.32255685114393,441.95709228515625,23491700
2025-01-29,441.45306462654537,441.6408395030523,435.23679935643304,437.1441650390625,23581400
2025-01-30,413.86040812362955,417.90245411076046,408.3161931892364,410.1247253417969,54586300
2025-01-31,414.06796458574274,415.7579084081136,410.0456732964256,410.19390869140625,34161900
2025-02-03,406.7744374831542,410.5397669066902,403.868903417148,406.1024169921875,25679100
2025-02-04,407.85165597310584,409.06724640338354,404.9362294867339,407.535400390625,20532100
2025-02-05,407.5156591589932,408.97828849654115,405.5885086845079,408.44464111328125,16316700
2025-02-06,409.14633744300244,413.2971094519946,409.14633744300244,410.94500732421875,16309800
2025-02-07,411.59727657785896,413.7418190108213,403.31551731813784,404.9461669921875,22886800
2025-02-10,408.85972888435845,410.5892121947109,406.10246006462063,407.38720703125,20817900
2025-02-11,404.83747842325164,407.65404147500567,404.50143797348676,406.6163635253906,18140600
2025-02-12,402.435914112503,405.93442005448907,399.6292135248499,404.2444763183594,19121700
2025-02-13,402.2284224395701,406.1815273284111,401.5959111806531,405.7269287109375,23891700
2025-02-14,403.00912053959007,404.1159849495273,401.1215095634391,403.6416015625,22758500
2025-02-18,403.2166455935164,405.78616946504144,401.7342314553049,404.8374328613281,21423100
2025-02-19,403.09808061190597,410.61884763156144,402.8707662400353,409.90728759765625,24114200
2025-02-20,411.24417583261857,415.2250013636158,408.52096684547683,412.07598876953125,23508700
2025-02-21,413.27418223243296,413.97725680128366,403.91626425407014,404.2331237792969,27524800
2025-02-24,404.5301894031576,405.38179653354615,395.4297185716828,400.0641174316406,26443700
2025-02-25,397.1923965138258,398.00441513588805,392.8352683816966,394.0235595703125,29387400
2025-02-26,394.13254018558297,399.6680779917259,390.40916096474115,395.8357849121094,19619000
2025-02-27,397.3607146060961,401.78716793671936,388.3493932994261,388.70587158203125,21127400
2025-02-28,388.83463352266693,393.7562160246685,382.8039671137811,393.1224365234375,32845700
2025-03-03,394.93457905310964,394.93457905310964,382.3979130752632,384.7052001953125,23007700
2025-03-04,379.66483152587324,388.755390806373,377.2882188683939,384.8240661621094,29342900
2025-03-05,385.54698533291895,397.7568814720431,385.0221498844419,397.1131896972656,23433100
2025-03-06,390.438848896208,398.23217304119834,388.8544303529959,393.0234375,23304600
2025-03-07,388.497925986767,390.9537458547577,381.7839796807534,389.478271484375,22034100
2025-03-10,382.08104715568106,382.6355890788174,373.5450301742595,376.4563903808594,32840100
2025-03-11,375.30770541349494,382.23950999896846,373.2380702422645,376.74359130859375,30380200
2025-03-12,379.2192427611773,381.46711712441265,375.25821149680263,379.5361022949219,24253600
2025-03-13,379.42714079198,381.5661010325616,373.7727778338423,375.07989501953125,20473000
2025-03-14,376.0801342416101,386.42834111474417,375.81277549488345,384.77459716796875,19952800
2025-03-17,382.9326924641042,388.88412112316473,381.813696346666,384.9132080078125,22474300
2025-03-18,383.2990634136601,383.5961286419255,377.38722360904,379.78363037109375,19486900
2025-03-19,381.7740797920575,385.8836435250732,380.2589866011294,384.0417785644531,19185500
2025-03-20,381.98202996781214,387.97310772514027,379.5460042678497,383.0713195800781,18470500
2025-03-21,379.4865617188815,387.92354654843615,379.0706401827953,387.4482421875,39675900
2025-03-24,391.54792412450786,391.54792412450786,386.012386704804,389.2505187988281,21004500
2025-03-25,390.08236222676067,392.4985634335279,388.81483346341923,391.3102722167969,15775000
2025-03-26,391.15183295239507,391.45881045430576,384.7844825194778,386.17083740234375,16108400
2025-03-27,386.3292739557081,388.41870337339975,383.62585932715103,386.7748718261719,13766800
2025-03-28,384.2992097422753,385.3389984995421,373.2578420054409,375.109619140625,21632000
2025-03-31,368.91066922952973,373.39653609737746,363.66228447346174,371.73291015625,35184700
2025-04-01,371.00006183577835,379.120187514209,369.59391274714585,378.46661376953125,19689500
2025-04-02,374.2877261088344,381.32844426453147,372.95087209109226,378.4171142578125,16092600
2025-04-03,371.1386925275575,373.80248816308017,365.75168821202425,369.47503662109375,30198000
2025-04-04,360.5825339787073,370.94062085342546,355.97784180916346,356.3343200683594,49209900
2025-04-07,347.4616768226877,367.38565979064595,341.43101018463227,354.3736572265625,50425000
2025-04-08,364.6723167446661,370.0097901278565,346.83776558065426,351.10577392578125,35868900
2025-04-09,350.0957251156184,389.39905670107095,349.66000929830324,386.68572998046875,50199700
2025-04-10,378.33787067807094,380.1599412978202,364.21678559967916,377.6347961425781,38024400
2025-04-11,376.9317086118959,386.25000705363004,375.1987576222842,384.6656188964844,23839200
2025-04-14,389.38915847164185,390.8052198187617,380.46692636349223,384.0318603515625,19251200
2025-04-15,384.7250835584995,388.0721598970285,380.41745590518724,381.97216796875,17199900
2025-04-16,376.9614484928254,377.892263018399,364.4148689208335,367.98968505859375,21967800
2025-04-17,370.10883089247193,370.6732850580017,363.31567729138493,364.1969909667969,21120200
2025-04-21,359.2853342749941,360.9291658129438,352.20499720618693,355.6213684082031,20807300
2025-04-22,359.83984897446516,364.1870645763753,356.3541225187108,363.246337890625,19485000
2025-04-23,372.3963282706759,376.68416126561135,369.38593623911186,370.74261474609375,20545500
2025-04-24,372.0398293104223,384.6656149627633,371.53478821384334,383.52679443359375,22232300
2025-04-25,383.2297752805051,388.33950924401097,380.8531625631297,388.03253173828125,18973200
2025-04-28,388.1414067328739,388.9138065441973,382.87325863987553,387.3492126464844,16579400
2025-04-29,387.4878753983452,391.2508732709842,386.5768551213708,390.2012023925781,14974000
2025-04-30,386.4976013857663,392.7956566127169,380.6947052715702,391.4093017578125,36461100
2025-05-01,426.90997818196183,432.73269823374693,420.7604863894309,421.255615234375,58938100
2025-05-02,427.533877248033,435.1588741169636,425.80092616148227,431.0393981933594,30757400
2025-05-05,428.652877068793,435.2182909345157,427.9002714913439,431.9207458496094,20136100
2025-05-06,427.9894209087166,433.46554517602334,426.9694566129341,429.0885925292969,15104200
2025-05-07,429.6134515274466,433.8517538131467,426.9100367836598,429.12823486328125,23295300
2025-05-08,433.66359321182534,439.34769356127396,431.4157188741818,433.9012756347656,23491300
2025-05-09,435.7133658474831,436.4461468377417,431.6335091661536,434.45574951171875,15324200
2025-05-12,441.5955462250109,444.9921230759706,435.4955548202822,444.8832092285156,22821900
2025-05-13,443.41763796979524,446.2794975271711,441.021200788799,444.764404296875,23618800
2025-05-14,443.77414887416586,449.47801330220653,443.77414887416586,448.5273742675781,19902800
2025-05-15,447.1979616790238,452.57502540604634,446.860659567107,449.5392761230469,21992300
2025-05-16,448.4678481067336,450.7595407562394,445.1741794982958,450.6702575683594,23849800
2025-05-19,447.30711960117503,455.948090917999,447.22773658664954,455.2337951660156,21336500
2025-05-20,451.9797648957129,454.70797307292094,450.71983965496236,454.5393371582031,15441800
2025-05-21,450.9678549991314,454.1524094962116,448.229716398419,448.98370361328125,19216900
2025-05-22,451.34489818162797,456.6028878213618,450.3032004241896,451.2555847167969,18025600
2025-05-23,446.414273906322,450.0948666019555,445.3527455471655,446.6126708984375,16883500
2025-05-27,452.86270711658346,457.2972865174385,452.5055441364309,457.0393371582031,20974300
2025-05-28,457.56517641086623,458.8548627693229,453.3091629867606,453.7357482910156,17086300
2025-05-29,457.8925405838875,458.0612067791374,451.7019977235154,455.0452880859375,13974800
2025-05-30,456.07706236471586,458.0215223462663,451.9301930198663,456.71197509765625,34770500
2025-06-02,453.51752207653715,458.44810948050275,453.2695031394806,458.3092346191406,16626500
2025-06-03,457.8131864599202,460.4620419695056,457.20800452370844,459.3013000488281,15743800
2025-06-04,460.3231275179124,461.9997378828715,459.35088242690273,460.19415283203125,14162700
2025-06-05,461.2754909786452,465.9283282519781,460.3528678798598,463.97393798828125,20131700
2025-06-06,466.3648469522318,469.5890928719542,465.06523024972654,466.6525573730469,15285600
2025-06-09,465.9779957450024,469.67841894667356,464.90653697170796,469.0038146972656,16469900
2025-06-10,467.45617352695865,469.0534009468453,463.25968221899245,467.1883239746094,15375900
2025-06-11,466.29541399515057,471.7022387212418,465.93828127215454,468.87481689453125,16399200
2025-06-12,471.255819627256,476.61305298608835,469.76770597774697,475.0753173828125,18950600
2025-06-13,472.6348110082228,475.3828499324856,469.0137405811006,471.1962890625,16814500
2025-06-16,471.44428961660435,476.8808754060361,471.23596219473825,475.3431701660156,15626100
2025-06-17,471.63279762120845,474.9463269378011,470.3232503868908,474.25189208984375,15414100
2025-06-18,474.21220825159133,477.1884355000323,470.70025162122124,476.4344482421875,17526500
2025-06-20,478.4086860483398,479.62891980922967,473.09114443804276,473.616943359375,37576200
2025-06-23,474.42052531416374,483.884936234588,468.76571183115124,482.1488037109375,24864000
2025-06-24,485.07541514458467,487.9524285572733,482.9424282150726,486.2261962890625,22305600
2025-06-25,488.14098256866794,490.64100267238626,485.5119877675007,488.369140625,17495100
2025-06-26,489.07347716233096,494.09337765578726,488.9048109762518,493.508056640625,21578900
2025-06-27,493.60726767719865,495.3434002058453,489.12309627390664,492.0100402832031,34539200
2025-06-30,493.101351114434,496.79187420420715,491.4048797426009,493.4684143066406,28369000
2025-07-01,492.53583641461546,494.10330273882704,487.08935037246306,488.1508483886719,19945400
2025-07-02,486.10716647659297,489.589361899926,484.82741061180644,487.1984558105469,16319600
2025-07-03,489.8969147231798,496.1668406146565,489.5298515465148,494.8870544433594,13984800
2025-07-07,493.4386378219278,494.7977767455099,491.3056810299541,493.77593994140625,13981600
2025-07-08,493.2997134401056,494.25212791462184,490.1945116420166,492.68463134765625,11846600
2025-07-09,496.33549554664154,502.76415743455226,495.77993553758444,499.52008056640625,18659500
2025-07-10,499.06366987607214,500.4426696344743,493.8056807647675,497.5061340332031,16492100
2025-07-11,494.51996982276876,501.0279839194423,493.85526578992295,499.33154296875,16459500
2025-07-14,497.5458219138798,499.9764196247383,497.0597144820079,499.033935546875,12058800
2025-07-15,499.033906939414,504.27206541624594,498.805748905247,501.8117370605469,14927200
2025-07-16,501.17679603649344,502.70460109528983,497.9128887743687,501.6133117675781,15154400
2025-07-17,501.6728265840105,509.30189104591364,501.6133044647972,507.6451416015625,17503100
2025-07-18,510.4030974050004,510.5618634291492,503.40897568442307,506.0082092285156,21209700
2025-07-21,502.69466780228106,508.0320701704435,501.54385636100875,506.01812744140625,14066800
2025-07-22,506.92095727911294,507.1491456054249,501.26611328125,501.26611328125,13868600
2025-07-23,502.7343595827018,502.77405108780124,496.7323137246232,501.861328125,16396600
2025-07-24,504.73833906736274,509.5995039044367,503.27998658866585,506.8316345214844,16107000
2025-07-25,508.409026924469,514.1829150146133,506.3157616392057,509.6392517089844,19125700
2025-07-28,510.0063088656235,510.91900158393673,506.07766717141,508.4388122558594,14308000
2025-07-29,511.4448055642593,513.5182098314434,507.50623361872493,508.50823974609375,16469200
2025-07-30,511.08761139494,511.8614594904868,505.40303712186204,509.17291259765625,26380400
2025-07-31,550.8301225339796,551.0484106553389,527.6850421089878,529.2723388671875,51617300
2025-08-01,530.7605061500977,531.5541546097426,516.7325410439772,519.956787109375,28977600
2025-08-04,524.0839138486996,533.9848111754816,523.9450087012631,531.3955078125,25349000
2025-08-05,532.9232605080902,533.0423047576313,523.0620248277625,523.5679931640625,19171600
2025-08-06,526.6930052823053,527.4866537198485,519.8774501718309,520.7802124023438,21355700
2025-08-07,522.6255013664995,523.9053178574718,513.4488005319126,516.7127685546875,16079100
2025-08-08,518.4587582353118,520.502431840537,515.2940341981842,517.9031982421875,15531000
2025-08-11,518.1611446296885,523.4092640243366,515.6015722772428,517.6353759765625,20194400
2025-08-12,519.5996565820958,526.7723446368122,518.5579891899393,525.046142578125,18667000
2025-08-13,527.8934364066101,528.4787877679453,515.2544004746543,516.454833984375,19619200
2025-08-14,518.4191046945965,521.7822560401938,516.0182983192124,518.3397216796875,20269100
2025-08-15,518.6274679925785,521.9310366989816,514.9667059909838,516.0480346679688,25213300
2025-08-18,517.4567900842618,518.6770238166106,509.9467697824549,513.0023193359375,23760600
2025-08-19,510.91900524319027,511.0777107186651,504.5201046206217,505.7304382324219,21481000
2025-08-20,505.829663283555,506.9507137373093,500.4426991689255,501.7125549316406,27723000
2025-08-21,500.5200933584279,504.43529989468334,499.55619671725805,501.0666198730469,18443300
2025-08-22,501.0765850227361,507.5158151187978,499.2481684011306,504.037841796875,24324200
2025-08-25,503.44159720621536,504.9917771303553,500.9473838488724,501.0865173339844,21638600
2025-08-26,501.18583887731603,501.8019624337255,495.37267961289456,498.8804626464844,30835700
2025-08-27,498.8407434548062,504.09746017877256,496.75395340313815,503.5509033203125,17277900
2025-08-28,503.89867767213724,507.87350408410515,502.3186878124423,506.4326477050781,18015600
2025-08-29,505.4588240002719,506.39291066950057,501.3150539612025,503.501220703125,20961600
2025-09-02,497.32034095368414,502.81553721257154,493.68337117589067,501.9410705566406,18128000
2025-09-03,500.619436889999,504.59426313425837,499.158687032213,502.16961669921875,16345100
2025-09-04,501.1262461318779,504.95202275876863,499.983489561643,504.7731628417969,15509500
2025-09-05,505.86625611105876,508.7479993566889,489.27134277765646,491.8847961425781,31994800
2025-09-08,494.975206462802,498.04578670760833,491.9146033142146,495.0646667480469,16771000
2025-09-09,498.27429847652155,499.0891451753406,494.5677922273047,495.2733154296875,14410500
2025-09-10,499.81456783685906,500.06299449245154,493.5939546766565,497.2209777832031,21611800
2025-09-11,499.08915061774627,500.00337405269875,494.7466575341409,497.8569641113281,18881600
2025-09-12,503.4614629424367,509.32432605160386,500.67909648146514,506.6910095214844,23624900
2025-09-15,505.58800862213144,512.2259313574772,503.80926524972944,512.1166381835938,17143800
2025-09-16,513.6270820344445,513.9748550906477,505.3991924428879,505.83642578125,19711900
2025-09-17,507.4064717390096,508.07226852063866,502.74598524416496,506.81024169921875,15816600
2025-09-18,508.270968235188,509.84104161182444,504.4650853819943,505.2501220703125,18913700
2025-09-19,507.34685812925306,516.0318444319288,507.09843147001845,514.6704711914062,52474100
2025-09-22,512.3452424901319,514.48167541423,509.3143886623668,511.21240234375,20009300
2025-09-23,510.56645428814153,511.35152134239047,504.1173079645634,506.0252380371094,19799600
2025-09-24,507.16798604562155,509.2547456727144,503.72976965544393,506.9394226074219,13533700
2025-09-25,505.10107733704126,506.8003375404676,501.8616142840625,503.8390808105469,15786500
2025-09-26,506.849997214163,510.70558375978015,503.4316440082871,508.2411804199219,16213100
2025-09-29,508.2809533120173,513.5972596483151,505.677446731691,511.3614196777344,17617800
2025-09-30,510.0099885223437,514.8990082310244,506.45253207823936,514.6903686523438,19728200
2025-10-01,511.56013673304216,517.2342231556227,508.4697238165545,516.4392700195312,22632300
2025-10-02,514.3823296081488,518.3173691617891,507.4661094259624,512.4942626953125,21222900
2025-10-03,513.8456285403139,517.2143082734997,511.75886906280147,514.0940551757812,15112300
2025-10-06,515.3461902238155,527.6880704621805,514.9387971845453,525.2435302734375,21388600
2025-10-07,524.9652461341774,526.4657528279373,518.1583800775612,520.682373046875,14615200
2025-10-08,519.9868698926625,523.6337564909833,519.798063194055,521.5469360351562,13363400
2025-10-09,519.0527457511332,521.0302122328587,514.1438325922749,519.1123657226562,18343600
2025-10-10,516.3697201998212,520.2849266906686,506.42270727517143,507.74432373046875,24133800
2025-10-13,513.1600441163425,513.1600441163425,508.45983088995337,510.8149108886719,14284200
2025-10-14,507.0189143190136,512.0371506947121,502.815524609146,510.337890625,14684300
2025-10-15,511.7192223799748,513.9351689053381,506.79041532984223,510.1988220214844,14694700
2025-10-16,509.3541552294708,513.597241245564,504.93214864922606,508.3902282714844,15559600
2025-10-17,505.8364332653001,512.235876086287,504.1173098719632,510.3478698730469,19867800
2025-10-20,511.3713853844849,515.4356724346321,510.1988187679518,513.5376586914062,14665600
2025-10-21,514.2431942660954,515.4257076122852,509.81124074780416,514.4021606445312,15586200
2025-10-22,517.870184130928,521.9244631183706,514.4518312300626,517.2639770507812,18962700
2025-10-23,519.1720024577996,520.6526156742948,515.3461954332505,517.283935546875,14023500
2025-10-24,519.4999115166443,522.0437982801024,517.4330452189278,520.3147583007812,15532400
2025-10-27,528.4333612309177,531.2157277722118,525.6807743511338,528.1749877929688,18734700
2025-10-28,546.5385938392855,550.2351530342114,537.3667019364588,538.6585083007812,29986700
2025-10-29,541.5104645203966,542.8321112501552,533.3521116884923,538.1417846679688,36023000
2025-10-30,527.1414993194383,531.6032326010347,518.834126044735,522.4512329101562,41023100
2025-10-31,525.5515477587454,525.9887810857076,511.85824179468614,514.5512084960938,34006400
2025-11-03,516.5385956979154,521.6562086548496,511.3514766558802,513.776123046875,22374700
2025-11-04,508.53927600780713,512.3054020147877,504.64393297114844,511.0931091308594,20958700
2025-11-05,510.06960470137113,511.5900049686576,503.39189488693165,503.96826171875,23024300
2025-11-06,502.47768369906356,502.51744045426454,492.6896676102462,493.9715576171875,27406500
2025-11-07,493.8225155697467,496.2372153715257,490.1457889557352,493.6933288574219,24019800
2025-11-10,496.8930989278779,503.6602390221828,495.6608820179433,502.8155822753906,26101500
2025-11-11,501.6230817360039,506.39289163210333,499.18851875070465,505.4786682128906,17980000
2025-11-12,506.1543604609167,508.4498505213197,495.9788149582036,507.9231872558594,26574900
2025-11-13,507.09842927280135,510.2683558569415,498.13520636364063,500.12261962890625,25273100
2025-11-14,495.0944623167857,508.38031503091224,494.30942559248354,506.96923828125,28505700
2025-11-17,505.2501533046029,508.8970396915909,501.73242330739504,504.2961730957031,19092800
2025-11-18,492.2524466910109,499.8145698875434,483.71651040889276,490.6824035644531,33815100
2025-11-19,487.0156390818261,492.0736023312663,479.79137227085766,484.05438232421875,23245300
2025-11-20,490.5255566668064,491.3817596467919,473.39186588492817,476.3088684082031,26802500
2025-11-21,476.3785437287191,476.796695003642,466.19388806310616,470.0268249511719,31769200
2025-11-24,472.8940955697233,474.7856658755464,465.9450303435204,471.8985290527344,34421000
2025-11-25,471.9681767111092,477.0256407210385,462.82888433135173,474.8752136230469,28019800
2025-11-26,484.1539100429923,486.14504291080743,479.06658014921754,483.3475036621094,25709100
2025-11-28,485.4382224868377,490.44592067381114,484.49242217644115,489.82867431640625,14386700
2025-12-01,486.27447583839387,487.68816317334665,482.5012705124726,484.5820007324219,23964000
2025-12-02,484.56211884124775,491.312058367048,484.16389832530854,487.82757568359375,19562700
2025-12-03,474.2082166599713,482.09308589504883,473.0931871020635,475.6119689941406,34615100
2025-12-04,477.6329620200481,479.186043226252,474.3774403367437,478.7081604003906,22318200
2025-12-05,480.3807061976695,481.2568095233099,476.7568601661199,481.01788330078125,22608700
2025-12-08,482.74025101921535,490.11737199051475,482.2325023858298,488.8430480957031,21965900
2025-12-09,486.93155551686203,489.93815525049575,486.33420957194573,489.8385925292969,14696100
2025-12-10,481.88401246545567,482.10303829287767,472.973680864489,476.4382629394531,35756200
2025-12-11,474.51683677020293,483.8751552220924,473.750231167373,481.3265075683594,24669200
2025-12-12,477.69270598810584,480.31105063829824,474.22812377070755,476.4084167480469,21248100
2025-12-15,477.97146396596463,478.588710310573,470.42505317808707,472.7148742675781,23727700
2025-12-16,469.8177748762136,475.7712732838117,468.79234263095657,474.2779235839844,20705600
2025-12-17,474.79560024235434,477.8718969329872,472.8940646732686,474.00909423828125,24527200
2025-12-18,476.06992080908344,487.4293375934554,475.7712630284666,481.8342590332031,28573500
2025-12-19,485.1992432324443,485.68709144559693,480.35083955461556,483.7656555175781,70836100
2025-12-22,483.9647726311972,486.5632169440421,480.5499868948874,482.7701110839844,16963000
2025-12-23,482.829854335465,485.66719456773416,482.5908977144131,484.6915588378906,14683600
2025-12-24,483.5267014178325,486.99128356758627,482.680463867149,485.8563232421875,5855900
2025-12-26,484.5521629916047,485.95591540329985,483.8054881161676,485.5477294921875,8842200
2025-12-29,482.71034015280554,486.1848877649252,482.0333622504328,484.9404296875,10893400
2025-12-30,483.77560983811236,487.5089841188462,483.3475235456682,485.3187561035156,13944500
2025-12-31,485.6771523949816,485.97584057107747,481.15727202744546,481.4758605957031,15601600
2026-01-02,482.24244872265706,482.5112407273309,468.07552715971417,470.84320068359375,25571600
2026-01-05,471.95822796941724,473.95932625248497,467.41844739653146,470.75360107421875,25250300
2026-01-06,471.69937935780575,476.617480129593,467.6673473241013,476.3885192871094,23037700
2026-01-07,477.63296458601815,487.5288974221053,475.83099176167434,481.3265075683594,25564200
2026-01-08,479.10639276886474,480.5201105081445,473.7502403609407,475.9902648925781,18162600
2026-01-09,471.9582322108041,477.6927047258898,470.106493184136,477.15509033203125,18491000
2026-01-12,474.5566738594685,478.85749783991434,473.57104241242143,475.06439208984375,23519900
2026-01-13,472.57548334410274,473.6706125344443,463.88420753037366,468.5832824707031,28545800
2026-01-14,464.3919508718589,466.12425727832346,455.14315976714454,457.3433532714844,28184300
2026-01-15,462.06232415810086,462.191752665677,453.8787662235596,454.6354064941406,23225800
2026-01-16,455.8001987238622,461.13645097900303,454.4562082505655,457.8211975097656,34246700
2026-01-20,449.2194951600843,454.77474258752966,447.28809381488645,452.5048522949219,26130000
2026-01-21,450.5933708341933,450.6829681667298,436.73507280530305,442.1409912109375,37980500
2026-01-22,445.6354487179439,450.8323067932568,442.7284117030413,449.1398620605469,25349400
2026-01-23,449.8665935761158,469.01134678020316,448.5325382185013,463.8841857910156,38000200
2026-01-26,463.2470104625561,472.14737672642065,459.9516880286902,468.1949768066406,29291200
2026-01-27,471.59986874099184,480.72919663912324,471.06225431764057,478.4493408203125,29213900
2026-01-28,481.0676409982362,481.59528998521284,475.8807484603396,479.4946594238281,36875400
2026-01-29,438.0392806211351,440.5381621786467,419.1533835040837,431.57806396484375,128855300
2026-01-30,437.2229285851671,437.65101486434605,424.55932220203715,428.3822937011719,58566800
2026-02-02,428.33251789753194,428.8303011436502,420.37795134689077,421.49298095703125,42219900
2026-02-03,420.1390072256922,420.178808008447,406.7486263222299,409.3868713378906,61424100
2026-02-04,409.17783910585314,417.93881231579195,407.4256323109538,412.35369873046875,45012400
2026-02-05,405.6335909812077,406.4897635323938,390.5806313349955,391.9246520996094,66289200
2026-02-06,397.4002746193236,400.0086538663787,391.17798428483076,399.3615417480469,53515300
2026-02-09,403.0550898097971,413.05058563481117,399.0927243377603,411.76629638671875,45480500
2026-02-10,417.75959730190846,421.80159473973595,410.8702943432265,411.437744140625,44857900
2026-02-11,414.33481566901673,414.61357304478975,399.2320904458023,402.5771789550781,42491000
2026-02-12,403.20440420967,404.3990960787573,396.24540458526855,400.05841064453125,40802400
2026-02-13,402.65686886295305,403.7420326637702,396.2852191820681,399.5407409667969,34091600
2026-02-17,397.45004705087115,398.7442713079252,392.78083787972264,395.1004943847656,32078800
2026-02-18,396.3648548030424,400.77520665339193,394.56288205367116,397.8283386230469,23223400
2026-02-19,399.82403795970674,403.55594539020564,395.8127368785549,397.5988464355469,28234000
2026-02-20,395.2539159508346,399.2552593187824,394.3059873534157,396.37152099609375,34015200
2026-02-23,394.14630950985264,394.50551684604494,382.27203437696886,383.6390686035156,43238300
2026-02-24,383.30981969967445,388.5185091169527,380.88504821898124,388.1593017578125,33884700
2026-02-25,389.68597856263057,400.60233728073825,389.31678308531696,399.7342224121094,43625500
2026-02-26,403.8353349281015,406.6093255926281,397.8782360341113,400.851806640625,34405900
2026-02-27,390.03523926255787,395.9624042352165,389.0374004516944,391.8912048339844,51367200
2026-03-02,392.01092411942045,400.32293811697235,389.78576315389057,397.6886291503906,35474900
2026-03-03,392.2903484387299,405.82103971635513,391.82136299902305,403.0570068359375,38199200
2026-03-04,400.4027502952161,410.14166638677375,399.44483360720756,404.32427978515625,35808000
2026-03-05,403.54596943015656,410.72040218284053,403.525993165685,409.79241943359375,39001300
2026-03-06,408.31564337314285,412.1572983375802,407.6271321747383,408.0761413574219,31123900
2026-03-09,404.044890641513,409.3234358422322,402.62794618065146,408.5251770019531,30131900
2026-03-10,409.1438479339772,409.31349393117443,402.05918625996463,404.8830871582031,31706400
2026-03-11,404.6934855668013,408.1260534422115,400.7220762180728,404.0049743652344,25512100
2026-03-12,403.7555185610488,405.2422886286942,400.84181586601125,400.9914855957031,27263900
2026-03-13,400.13336309353434,403.9251383935716,393.3979511212616,394.69512939453125,26848000
2026-03-16,397.209690545171,399.7641553863696,393.9367805641587,399.08563232421875,27733700
2026-03-17,399.4049101655112,403.5259891234105,396.8903674487218,398.5467834472656,26228300
2026-03-18,396.271723303423,397.13983817793417,390.1549666521916,390.9432678222656,25908500
2026-03-19,389.2569126674818,391.6417315076428,386.2234742615233,388.1792297363281,25138800
2026-03-20,385.95408868282834,386.16362631018524,379.29849030352204,381.0447082519531,50853200
2026-03-23,383.07032058481127,386.3731646745857,380.85511716508233,382.1722717285156,29680100
2026-03-24,381.53362193174286,381.6434000325674,371.04635704379217,371.9344177246094,42733600
2026-03-25,376.10542586510894,376.2451074667104,368.831172255135,370.2381286621094,31181200
2026-03-26,370.01860155518807,373.9101668945663,364.4007640805619,365.1790771484375,36836600
2026-03-27,361.11784971721505,361.6666793192034,355.73951450811694,355.9989318847656,37883400
2026-03-30,361.1178525849577,364.5703662773937,355.51000344849933,358.1842041015625,44797000
2026-03-31,363.7621155862403,372.09407550142714,362.28533367877645,369.3699951171875,45244400
2026-04-01,372.682807332766,373.1817267376728,367.4042619540212,368.57171630859375,29417200
2026-04-02,366.41637016886637,372.83249667260446,363.3629859357669,372.6528625488281,24099100
2026-04-06,372.682794233078,372.92229624611906,368.70142726638517,372.0741271972656,16146600
2026-04-07,369.5396147715723,371.64507045865594,365.7677853538718,371.48541259765625,21443300
2026-04-08,384.148004001906,384.167949815935,370.6073237610428,373.52099609375,33064800
2026-04-09,371.6949574789129,372.6927962909368,366.2567237727329,372.26373291015625,30435300
2026-04-10,372.17393720824543,374.8281921461914,369.23030048358606,370.0684814453125,28111100
2026-04-13,372.8025510733858,383.70895264062807,370.2181521550117,383.539306640625,35745800
2026-04-14,387.0816509997633,393.83700889302276,385.684652281273,392.2604064941406,37504500
2026-04-15,397.1398382929036,413.47445440771634,395.8725939925935,410.3312683105469,45063400
2026-04-16,418.95258572248235,419.9105328997013,411.2492993874727,419.35174560546875,41642400
2026-04-17,423.9018933176335,430.64726300981,419.78081413338697,421.87628173828125,48568200
2026-04-20,420.2398034863272,422.4150847565369,415.40027922801784,417.1664733886719,27582200
2026-04-21,419.33177508554746,426.25677891783357,416.2983670043314,423.2433166503906,32048500
2026-04-22,425.2689090952171,432.7626880248645,422.7543663498755,431.984375,29378200
2026-04-23,418.9825380949446,422.7443793162959,410.5208543154444,414.8514709472656,38308000
2026-04-24,416.0688403922519,424.0316048781353,414.9013556123021,423.7023010253906,27457400
2026-04-27,421.46715688013995,426.1869149113369,416.1686352924954,423.9018859863281,30867300
2026-04-28,423.6524179624475,428.99086152362304,420.9881750222059,428.3222961425781,30438100
2026-04-29,423.6623688360089,425.8975483734993,419.38166246548025,423.5426330566406,38288300
2026-04-30,409.92216255995794,413.5243765293071,397.1498378648014,406.8987121582031,70909400
2026-05-01,411.9078412872606,416.2085240460113,409.5529563541748,413.5443115234375,31372400
2026-05-04,410.6505829404435,419.87060358807366,409.91216153093814,412.72607421875,28066500
2026-05-05,414.42242364358015,415.8792597859335,407.916495085617,410.4909362792969,25700900
2026-05-06,407.11822745622237,417.51572107575487,404.23445872829495,413.0653381347656,30285900
2026-05-07,419.2020489501835,427.05506598481406,417.8549909144547,419.8606262207031,34942400
2026-05-08,416.48795292910256,417.7252633012779,413.105264767488,414.22283935546875,33383800
2026-05-11,406.9885016374445,411.79809190456297,404.6236285818644,411.7681579589844,35657900
2026-05-12,413.58422243338293,414.6020070114768,405.76117016707224,406.8887023925781,38594200
2026-05-13,402.3286237155428,405.4318878236479,400.1633000811369,404.3342590332031,29667100
2026-05-14,403.6058516736889,410.94993067744383,400.013625877668,408.5451354980469,27077500
2026-05-15,413.3746572242232,427.24464052002446,412.01761111071977,421.0081481933594,50771200
2026-05-18,415.71960624154525,424.2012362508279,414.7117792841577,422.6246643066406,32564100
2026-05-19,428.9708919761278,431.7648588737268,415.58987007798993,416.51788330078125,33018700
2026-05-20,413.2749005432513,421.18775475321456,410.4110776678385,420.1499938964844,27864000
2026-05-21,424.75,426.3399963378906,415.7099914550781,419.0899963378906,31393500
2026-05-22,419.5400085449219,424.3999938964844,416.3299865722656,418.57000732421875,22390300
2026-05-26,416.42999267578125,419.7699890136719,413.0199890136719,416.0299987792969,30398000
2026-05-27,411.010009765625,415.94000244140625,409.5799865722656,412.6700134277344,28901500
2026-05-28,412.9800109863281,429.489990234375,412.6700134277344,426.989990234375,47250500
2026-05-29,432.54998779296875,450.3299865722656,432.3599853515625,450.239990234375,79654400
2026-06-01,464.8399963378906,466.32000732421875,458.2699890136719,460.5199890136719,53628900
2026-06-02,446.8800048828125,453.5,440.42999267578125,441.30999755859375,37036800
2026-06-03,438.45001220703125,440.3900146484375,424.25,427.3399963378906,39037000
2026-06-04,435.80999755859375,436.1499938964844,426.4100036621094,428.04998779296875,26899500
2026-06-05,428.3399963378906,429.4700012207031,414.3999938964844,416.6700134277344,34782200
2026-06-08,414.1400146484375,417.1600036621094,408.55999755859375,411.739990234375,32086700
2026-06-09,409.0299987792969,411.9800109863281,398.4800109863281,403.4100036621094,35317300
2026-06-10,398.54998779296875,405.0400085449219,397.1600036621094,397.3599853515625,32576000
2026-06-11,395.2099914550781,396.8500061035156,384.0,390.3399963378906,47224100
2026-06-12,391.42999267578125,391.739990234375,382.2699890136719,390.739990234375,34865800
2026-06-15,396.79998779296875,401.75,392.8500061035156,399.760009765625,32266400
2026-06-16,395.7900085449219,396.8399963378906,390.69000244140625,393.8299865722656,31506800
2026-06-17,390.25,390.3699951171875,377.32000732421875,378.9100036621094,41987800
2026-06-18,377.82000732421875,381.3699951171875,373.2799987792969,379.3999938964844,59714200
2026-06-22,375.739990234375,381.6300048828125,367.07000732421875,367.3399963378906,45171100
2026-06-23,372.3800048828125,377.2200012207031,370.6700134277344,373.94000244140625,40647600
2026-06-24,371.57000732421875,378.8800048828125,364.7799987792969,365.4599914550781,44509900
2026-06-25,362.7699890136719,364.2300109863281,349.20001220703125,352.8299865722656,66179000
2026-06-26,357.1499938964844,376.6099853515625,355.42999267578125,372.9700012207031,186201600
2026-06-29,377.5,380.5,359.8999938964844,368.57000732421875,51229900
2026-06-30,371.0299987792969,374.1499938964844,367.45001220703125,373.0199890136719,44945700
2026-07-01,380.8299865722656,388.8299865722656,374.8900146484375,384.2799987792969,48065800
2026-07-02,384.4800109863281,392.20001220703125,383.70001220703125,390.489990234375,42128900
2026-07-06,387.0400085449219,389.1499938964844,381.2200012207031,386.739990234375,34224500
2026-07-07,392.489990234375,395.57000732421875,388.2200012207031,388.8399963378906,29297500
2026-07-08,384.0299987792969,385.30999755859375,381.3299865722656,383.3399963378906,25908300
2026-07-09,374.45001220703125,384.6499938964844,373.3500061035156,384.3599853515625,31083200
2026-07-10,387.79998779296875,391.9100036621094,381.5,385.1000061035156,24644600
2026-07-13,387.75,393.6499938964844,384.1499938964844,390.989990234375,28914900
2026-07-14,382.82000732421875,388.19000244140625,378.6499938964844,384.92999267578125,27863900
2026-07-15,387.79998779296875,398.9599914550781,386.3999938964844,395.6300048828125,36253700
2026-07-16,398.30999755859375,405.989990234375,392.04998779296875,401.1000061035156,37047400
2026-07-17,394.8599853515625,398.3900146484375,389.3900146484375,393.82000732421875,33010300
2026-07-20,391.1000061035156,403.17999267578125,389.6700134277344,402.2900085449219,27729614
