date,open,high,low,close,volume
2021-07-21,404.0781816791962,406.28392468057024,402.8351355573222,406.1437072753906,64724400
2021-07-22,406.3213579405747,407.23730633204167,405.3400070746696,406.9942932128906,47878500
2021-07-23,408.9196688873081,411.51794144372303,408.23740663856285,411.1814880371094,63766600
2021-07-26,410.5926462837905,412.20021236866125,410.5459261537889,412.19085693359375,43719200
2021-07-27,411.15341783224966,411.1814556139232,407.48965273178777,410.312255859375,67397100
2021-07-28,410.93845431834467,411.51792083805464,408.7233839343774,410.1440124511719,52472400
2021-07-29,411.0693007705477,412.91985138960683,411.05994533585215,411.84503173828125,47435300
2021-07-30,409.28412555399376,411.29357581662805,409.1532635675781,409.84490966796875,68951200
2021-08-02,411.55521940428144,412.10664801469085,408.6298211733792,408.9849853515625,58783300
2021-08-03,409.7795060797524,412.43385397257424,407.5924735593852,412.3123474121094,58053900
2021-08-04,411.0318422374195,412.28424381294224,410.0504915209961,410.2841491699219,46732200
2021-08-05,411.4431375086628,412.96659014888616,411.12536648595767,412.8824768066406,38969700
2021-08-06,413.2001756619763,413.9852619084817,412.9197693807994,413.5646667480469,46930000
2021-08-09,413.53671760242094,413.8544886377314,412.4618979342041,413.2283020019531,41222600
2021-08-10,413.6768175506631,414.45257688642795,412.99455549788365,413.74224853515625,43339300
2021-08-11,414.80783999492405,414.8639155599606,413.6862716488568,414.77044677734375,44034300
2021-08-12,414.6208676326382,416.1536756754447,413.7236301446858,416.0134582519531,38909400
2021-08-13,416.46218570837635,416.7893122329379,415.9761879010694,416.7706298828125,39470300
2021-08-16,415.47142121296486,417.8827560853764,413.91993068902,417.7519226074219,73740000
2021-08-17,415.2003672937734,415.87330259419554,412.03198379117543,415.0134582519531,92673900
2021-08-18,414.004033503329,415.5648794226537,410.2281457688839,410.47113037109375,89351900
2021-08-19,407.7513380397817,412.3030136509168,407.61114913490746,411.1066589355469,92812200
2021-08-20,411.45246811100355,414.70496457219946,410.96644191047403,414.3778381347656,72008700
2021-08-23,416.0602493564847,418.92957275106846,414.4526832434195,418.0229797363281,54973000
2021-08-24,418.6864929199219,419.2192392352231,418.17245747210313,418.6864929199219,38744700
2021-08-25,418.87350683269574,420.0791600532625,418.49963168684314,419.56512451171875,40529700
2021-08-26,419.2847386206746,419.51839633690446,416.994910115224,417.08837890625,57829600
2021-08-27,417.8921363097158,421.19138203158167,417.8360607411706,420.8175354003906,77235100
2021-08-30,421.49050776724243,423.4532384067289,421.2474946004219,422.66815185546875,48357400
2021-08-31,422.5746165039233,422.9110698917558,421.4437212534849,422.0418701171875,59300200
2021-09-01,422.9765334042328,423.4905689604895,422.03254712247315,422.2662048339844,48721400
2021-09-02,423.6867836507604,424.3690457877398,422.3689509787344,423.5652770996094,42501000
2021-09-03,422.4344228744772,423.9765579301553,422.0325099688313,423.4624938964844,47170500
2021-09-07,423.1167138270563,423.21018261431715,421.2754899564276,421.94842529296875,51671500
2021-09-08,421.4157048587594,422.14471575872943,419.51837690907405,421.43438720703125,56181900
2021-09-09,421.23805907529504,422.98581388405796,419.38748005990004,419.6304931640625,57970400
2021-09-10,421.55586791625456,421.97643464658915,416.2004233686548,416.3219299316406,89948200
2021-09-13,419.31281705012566,419.5745125589616,415.0789117278803,417.387451171875,83738600
2021-09-14,418.8267538323482,419.032373751366,414.24706856986353,415.1349792480469,78197100
2021-09-15,415.55554197274927,419.0978006931455,414.45268447355176,418.6024475097656,78792200
2021-09-16,418.0790622084627,419.05105771787464,414.99476341128366,417.9388732910156,77786700
2021-09-17,417.168134146106,417.59004823430996,413.51137369740354,413.86767578125,118425000
2021-09-20,407.7543373535724,409.32954038102963,402.10981691745377,406.96673583984375,166445500
2021-09-21,409.3015046670298,410.59543194937584,406.0573296672389,406.5823974609375,92526100
2021-09-22,408.85139337293356,412.5831513891095,406.6948671942367,410.5484924316406,102350100
2021-09-23,412.41431229246786,417.1399497351395,412.179906070705,415.5365905761719,76396000
2021-09-24,413.9051954031547,416.9337345501658,413.6895313452658,416.22113037109375,62094800
2021-09-27,415.1897452245322,416.35239112758217,414.33650299714867,415.0303649902344,61371100
2021-09-28,412.26433994291904,412.59251441684535,405.93537117136833,406.6667175292969,130436300
2021-09-29,408.045029638689,409.77964162679973,406.7886155612909,407.3511962890625,82329200
2021-09-30,408.82324196639286,409.5264607159928,402.03484612674845,402.3724060058594,140506000
2021-10-01,404.0976889255961,408.8326843876151,400.58159468725086,407.1543273925781,129240100
2021-10-04,405.9916570765266,406.89176913571015,399.76581284989487,401.90362548828125,128570000
2021-10-05,403.40370520546276,408.3262356545151,402.60674697637165,406.0853271484375,90682500
2021-10-06,402.49426854273986,407.97938044868795,400.8721956255004,407.7731018066406,113032200
2021-10-07,411.04549653422066,414.1302626252565,410.8673454695045,411.29864501953125,72437500
2021-10-08,412.0674690550003,412.45189876084635,409.9202996692927,410.5484924316406,74557400
2021-10-11,409.89216791478833,412.79881127574237,407.5105922896659,407.57623291015625,65233300
2021-10-12,408.4951467022772,408.89831863461245,405.78539638345933,406.572998046875,71181200
2021-10-13,407.5949901170963,408.85140428938456,404.62273464026305,408.0356750488281,72974000
2021-10-14,411.69235787459854,415.0490712799511,411.2235453911505,414.8990478515625,70236800
2021-10-15,417.0086416279291,418.4244642725793,416.389805808692,418.05877685546875,66260200
2021-10-18,416.27735526871015,419.6340400404351,415.621006350095,419.2965087890625,62213200
2021-10-19,420.9187166197971,422.5970451226729,420.3092373496492,422.53143310546875,46996800
2021-10-20,422.99082000892685,424.491025906163,422.87830957409244,424.19097900390625,49571600
2021-10-21,423.59087874148474,425.5223841474882,423.1595792098458,425.29736328125,41305400
2021-10-22,424.8659833060559,426.3099336904653,422.91570745443045,424.8565979003906,58845100
2021-10-25,425.9442668817109,427.4632147429343,424.17217058163135,427.1350402832031,45214500
2021-10-26,428.68214462677764,429.8916602272119,427.144425952367,427.51947021484375,56075100
2021-10-27,427.97890546543795,428.6446111455954,425.5504317463337,425.6254577636719,72438000
2021-10-28,427.05076838848055,429.80738878373296,427.04141159397324,429.7323913574219,51437900
2021-10-29,427.4350712129975,430.8949094853391,427.1444097745334,430.604248046875,70162400
2021-11-01,431.5887642564896,431.96383713747196,429.61977470154915,431.3450012207031,48433600
2021-11-02,431.51369487823035,433.3983299188752,431.3824136689737,433.0888977050781,48908400
2021-11-03,432.5264031559585,436.1362651463071,432.08571825925554,435.73309326171875,52509800
2021-11-04,436.3330110009658,437.8707292237688,435.9860944447086,437.7863464355469,52847100
2021-11-05,440.00863863956613,441.29318025230174,437.79585747597196,439.305419921875,66390600
2021-11-08,440.4024093790137,440.89934941159646,438.99597208520896,439.680419921875,50405200
2021-11-09,440.0461676231419,440.2805738708811,436.8207353651275,438.2271728515625,51149100
2021-11-10,436.5394889244419,438.22723130169896,433.22031661586044,434.7017517089844,69429700
2021-11-11,436.19252851233256,436.2675545379645,434.8236039920207,434.84234619140625,34848500
2021-11-12,436.1081657875227,438.67724930991125,435.16115531508916,438.1240539550781,53466700
2021-11-15,439.40859470618256,439.56797493267015,437.14891501750157,438.2740478515625,46980500
2021-11-16,438.0114907479462,441.14315465497026,437.9364933419403,440.0086364746094,48857500
2021-11-17,439.7461325975495,439.9242836397509,438.3209528739824,438.9397888183594,47858300
2021-11-18,439.9710863467691,440.69307581212365,437.25197993727926,440.4305419921875,50625600
2021-11-19,440.31806790988196,441.5651251990252,439.27731788187225,439.64300537109375,57315600
2021-11-22,441.5182563851529,444.0029569483632,438.19905582510415,438.40533447265625,72762000
2021-11-23,438.0771663973215,439.8399060268832,435.4799553727706,438.9866638183594,73206500
2021-11-24,436.9894233688114,440.2804956589333,436.1736943498332,440.1585998535156,61858800
2021-11-26,433.50149668510204,434.96418925297854,429.2165439866492,430.3417053222656,112669600
2021-11-29,435.12360436955294,437.45828126856935,432.9295654860119,435.62054443359375,86268800
2021-11-30,433.18280884176426,435.08618670574947,426.9007090428121,427.1445007324219,148559600
2021-12-01,432.8451797070104,435.68618205628803,422.2031311937479,422.4000244140625,131939200
2021-12-02,422.6157168413784,430.43550572803196,422.22190176024696,428.8696594238281,127637800
2021-12-03,430.5292213858788,431.58871344638754,420.9185665300391,425.13787841796875,137331600
2021-12-06,427.6788270649763,432.0481622961489,425.2691243350437,430.17291259765625,98977500
2021-12-07,435.4424103932935,439.633595102183,430.0416814760553,439.0710144042969,95484700
2021-12-08,439.4647814253452,440.6836822924531,437.71139890894136,440.2336120605469,72238800
2021-12-09,438.9490964511675,440.3367916207848,437.0644898372222,437.2613830566406,61272600
2021-12-10,439.9617692478392,441.52758690349503,437.41142821807136,441.3775634765625,77159800
2021-12-13,440.86187964178026,441.20879629669554,437.1863772299923,437.4676818847656,87724700
2021-12-14,434.2047373052017,436.6894377150197,431.5418858646757,434.4578857421875,97264100
2021-12-15,434.5141971486355,441.49010093703475,432.00134036114184,441.246337890625,116899300
2021-12-16,443.0934545318682,443.3747305871484,435.80808994562267,437.3551940917969,116568600
2021-12-17,434.28120719660683,437.2827414785998,430.9974086651927,432.7004699707031,135511600
2021-12-20,427.6290276394633,428.49465734331153,424.48636052151494,428.0994873046875,107134800
2021-12-21,431.5148339230484,435.8430669166713,429.350731783521,435.7019348144531,69806300
2021-12-22,435.44791327448115,440.17131633051764,435.25029960943573,440.05841064453125,58890200
2021-12-23,441.0558332086626,444.2925972471357,440.9523458894644,442.7965393066406,56439700
2021-12-27,444.17031898464637,449.1101448261274,444.12328451008153,449.0631103515625,56808600
2021-12-28,449.4958012534843,450.52139946166386,447.9338723531307,448.6960144042969,47274600
2021-12-29,448.7996209971791,450.28626060152465,447.8022490075834,449.27008056640625,54503000
2021-12-30,449.69343150623797,450.7002217741406,447.56697399413,448.02801513671875,55329000
2021-12-31,447.53880315085513,448.6866969603346,446.6261104168571,446.8989562988281,65237400
2022-01-03,448.15968997839184,449.61813159778876,445.8544557509341,449.48638916015625,72668200
2022-01-04,450.9072545217483,451.6223622300133,447.4822951975026,449.3359069824219,71178700
2022-01-05,448.96903355258615,449.74059423041956,440.6136660037969,440.707763671875,104538900
2022-01-06,440.24669721539595,443.0035835732876,437.93201531445186,440.2937316894531,86858900
2022-01-07,440.3030723284207,441.479221117935,437.1980222953608,438.5529479980469,85111600
2022-01-10,435.36328278709937,438.2236562011222,429.62367048499374,438.00726318359375,119362000
2022-01-11,437.7437907456816,442.0908322693714,434.75164626994354,441.9967346191406,74303100
2022-01-12,443.72804221308974,445.2429369205549,441.2346123000405,443.19171142578125,67605400
2022-01-13,444.2925567024861,444.9417931268879,436.0595152339108,437.0851135253906,91173100
2022-01-14,433.9425030975037,437.6120820227763,432.7287093594842,437.2639465332031,95890900
2022-01-18,432.578128611285,432.7851319574491,428.4098639787604,429.5201416015625,109709100
2022-01-19,431.06321784637055,432.4557595624984,424.78727560160723,425.0601501464844,109357600
2022-01-20,426.9420552480534,431.6372325182061,418.2385532953383,420.3556213378906,122379700
2022-01-21,419.2359139440063,421.58821170548157,412.0755333410702,412.103759765625,202271200
2022-01-24,406.5052155318438,414.3618945596718,395.9010692318445,413.8537902832031,251783900
2022-01-25,407.47441758472695,413.7409421509055,401.9135823339121,408.8011169433594,167997300
2022-01-26,414.6818862839636,417.80574473347866,403.5225703047687,407.7755432128906,186391100
2022-01-27,412.36717163695266,415.5004192840026,404.0776775137982,405.76190185546875,149878300
2022-01-28,407.11686454826264,415.886237349482,402.54401155859085,415.8392028808594,164457400
2022-01-31,415.17116710249303,423.6770844746201,413.82565957531546,423.3289489746094,152251400
2022-02-01,424.053395889453,426.8291186076498,420.5343677869096,426.1893005371094,123155400
2022-02-02,428.58867006151223,431.05387362428513,426.28340667304684,430.3293762207031,117361000
2022-02-03,424.30751219871513,426.208158589354,419.37707621036856,420.2145080566406,118024400
2022-02-04,419.97923360740066,426.0293363499769,417.6080991681987,422.1903991699219,118454400
2022-02-07,422.95254768054906,424.3450895509773,419.50878037886775,420.8354797363281,84472900
2022-02-08,420.3367433125656,425.2201150815416,418.9159464741092,424.2980041503906,81012000
2022-02-09,428.32517855026134,430.82802671260504,428.1275935863995,430.50811767578125,92589900
2022-02-10,424.67441942143387,430.66806944150386,420.7790293131962,422.7737731933594,140103700
2022-02-11,422.85840063128,424.9284051506269,413.00697779975184,414.4371643066406,153214600
2022-02-14,413.92909493615394,415.5098319487012,409.6196698794952,413.0822448730469,123006300
2022-02-15,417.51401451434305,419.91334657222757,416.99649181538837,419.7439880371094,88482700
2022-02-16,417.7022412323989,421.5882420080019,415.8298212683436,420.2145080566406,84863600
2022-02-17,417.0341632264874,420.186247943638,410.63592485416507,411.23809814453125,102259100
2022-02-18,411.4920821949047,412.7435205102697,406.30763817495443,408.57525634765625,132642900
2022-02-22,406.37358261467153,409.7702869392554,400.6998126141375,404.1906433105469,124391800
2022-02-23,407.09801689358864,407.66257403498787,396.4562253293039,397.0207824707031,132578000
2022-02-24,386.7365552102814,403.42847944353576,386.3790300752348,402.9956359863281,213942900
2022-02-25,404.2282938735101,411.97206942109483,402.5816852321868,411.88739013671875,121804500
2022-02-28,406.505202258136,412.31068466320824,405.25379272155976,410.83343505859375,145615000
2022-03-01,409.3374027412006,411.3415647709706,401.8758933767992,404.57635498046875,137785900
2022-03-02,406.8251817399771,413.740942784039,406.0724579549326,412.0190734863281,117726500
2022-03-03,414.4466183746847,415.04879163986294,408.17067562721684,409.96783447265625,105501700
2022-03-04,406.2418252656333,407.7661096277124,402.60047290853925,406.63702392578125,113978200
2022-03-07,406.05359214668294,406.7592814126414,394.5837869801388,394.649658203125,137896600
2022-03-08,394.82848568696517,401.97005852746355,390.59434954887394,391.6575927734375,164772700
2022-03-09,400.02235763522094,404.134169484024,397.8394184443937,402.1582336425781,116990800
2022-03-10,397.55711352812676,401.2361105228519,395.6000145047704,400.3422546386719,93972700
2022-03-11,402.82627933719436,403.4378710075181,394.7437877372273,395.25189208984375,95636300
2022-03-14,396.0234704863825,399.46720926881693,391.22477713105775,392.36328125,95729200
2022-03-15,394.96964080123826,401.6219464123901,393.6994228575472,400.9915466308594,106219100
2022-03-16,404.4917305799787,409.9396315604553,399.7024270341616,409.8831787109375,144954800
2022-03-17,407.9731146505722,415.0111999511719,407.5967527483876,415.0111999511719,102676900
2022-03-18,413.40292135860483,419.8776656161691,412.6667255275147,419.5567626953125,106345500
2022-03-21,419.3868116069883,421.3877523283893,415.93234592986585,419.43402099609375,88349800
2022-03-22,420.8214687288552,425.27640505720075,420.8214687288552,424.3420104980469,74650400
2022-03-23,421.8125310374547,423.3037890750717,418.79222440449075,418.8771667480469,79426100
2022-03-24,420.8969363393452,425.2008538879378,419.7832096061072,425.19140625,64736900
2022-03-25,425.823897280711,427.5416971867033,423.2471974217225,427.2679748535156,77101300
2022-03-28,426.67326991890525,430.30706787109375,424.7855856636152,430.30706787109375,68529800
2022-03-29,434.18629362949696,436.1211874892994,431.50578514438973,435.63037109375,86581500
2022-03-30,434.4883159212036,435.30003519309184,430.83565120715195,432.9404296875,79666900
2022-03-31,432.17589947274035,432.9970375414447,425.823831381212,426.2768859863281,121699900
2022-04-01,427.853038256275,427.99460880330986,423.91723302983837,427.4849548339844,89048800
2022-04-04,427.6832403411355,431.2509628688752,426.8621021980193,431.1471252441406,59601000
2022-04-05,429.6557500304338,432.1191637881486,424.55900906665335,425.7010498046875,74214500
2022-04-06,421.79370385778503,423.7191214319922,418.5657504830329,421.4444580078125,106898000
2022-04-07,420.5666126114327,425.3802132507673,418.62230012164184,423.5680236816406,78097200
2022-04-08,422.81289480244646,425.32351793680107,420.89689672672466,422.43536376953125,79272700
2022-04-11,419.16969873165914,420.0097320215141,414.7147916975716,415.21502685546875,89770500
2022-04-12,418.1974960631798,420.7175668489802,412.1285989831766,413.676513671875,84363600
2022-04-13,413.4311873130841,419.16973507105604,413.25185499529334,418.4146728515625,74070400
2022-04-14,418.6412237561914,419.754979516138,413.10087428728497,413.2047119140625,97869500
2022-04-18,412.2797123367979,415.05461073103595,411.1470901663332,413.37457275390625,66002500
2022-04-19,413.2707073837323,420.76481631207815,413.10082271070314,420.0475158691406,77821000
2022-04-20,421.8219961207023,422.4354878298303,418.57517643732126,419.736083984375,65224400
2022-04-21,423.3509483444846,424.7383973991878,412.55339229515056,413.45947265625,85417300
2022-04-22,412.37409241070765,413.4783716367902,401.5482213990768,402.1145324707031,132471800
2022-04-25,399.87760832355883,404.6156854519276,395.31883470061024,404.44580078125,119647700
2022-04-26,401.91619910483536,402.1144266501944,392.70432139210556,392.7326354980469,103996300
2022-04-27,393.80869150273776,399.169736833569,391.70394193167726,393.8370056152344,122030000
2022-04-28,398.57509707971343,405.51234242525084,394.14847523083597,403.78509521484375,105449100
2022-04-29,399.8021034252902,401.9540624319965,388.11733269096055,388.86297607421875,145491100
2022-05-02,388.929072135393,392.56287045835074,382.2749671742883,391.2037353515625,158312500
2022-05-03,391.7039196895496,395.40376459664327,390.1465571793375,392.9969787597656,100028200
2022-05-04,393.65766562044956,405.53121582781534,390.47692222902697,404.96490478515625,144247900
2022-05-05,400.7081437907731,401.132884248546,386.4467037789483,390.5712890625,172929100
2022-05-06,388.01353835630266,391.50573725161655,382.9451102963641,388.24005126953125,151770800
2022-05-09,382.3504814055953,383.5869123846669,374.23343271582064,375.8096618652344,155586100
2022-05-10,381.7747515433738,383.27545730002635,372.64781289944233,376.6780090332031,132497200
2022-05-11,375.7152782695393,381.35001745771194,369.94838734516037,370.69403076171875,142361000
2022-05-12,367.5037946408941,373.57269244374504,363.5207798183708,370.3070068359375,125090800
2022-05-13,374.43168009743755,380.5383410827449,373.3934477808123,379.16033935546875,104174400
2022-05-16,377.51804786382434,381.2839693671578,375.27169861489534,377.6218566894531,78622400
2022-05-17,383.70016285890136,385.62560898408395,379.9719747013643,385.3896484375,83029700
2022-05-18,380.840309909265,381.12345103452697,368.61754246873323,369.8539733886719,117674500
2022-05-19,366.79595164216687,372.005979027499,365.3707407010665,367.5887756347656,98510700
2022-05-20,371.1659719805041,374.7336946022532,359.1697448163897,367.749267578125,131432200
2022-05-23,370.7694822124612,375.39433157969796,368.457086332618,374.62982177734375,76414900
2022-05-24,370.5146324408455,372.9591798912348,365.2291112058376,371.76995849609375,91448800
2022-05-25,370.27878652330077,377.01783466440037,369.8823888701669,375.05462646484375,91472900
2022-05-26,376.28154835892093,384.18150224653084,376.07390194163645,382.54864501953125,82168300
2022-05-27,385.0026051853853,392.0531062882977,384.8044064245167,391.9398498535156,84768700
2022-05-31,390.3259001664865,393.07248421298215,387.00358624823434,389.74072265625,95937000
2022-06-01,391.8550043373775,392.86489366619827,384.07772451690533,386.5883483886719,86585800
2022-06-02,386.42792368449955,393.99752849345634,384.18157442197986,393.9503479003906,79609600
2022-06-03,389.240487364167,390.7884022780611,386.51279859544996,387.4849548339844,71874300
2022-06-06,391.48687393580764,393.21409252066996,387.49441098526677,388.664794921875,57508900
2022-06-07,385.1819749982957,392.8459684053957,384.7194727728496,392.3929138183594,59272400
2022-06-08,390.6845741806073,392.4684496696644,387.333946070098,388.12677001953125,64350000
2022-06-09,386.3522811032372,388.61749614412264,378.89593505859375,378.89593505859375,86289800
2022-06-10,372.70437142833873,373.55382355387263,367.862456867888,367.9096374511719,132893900
2022-06-13,358.5184050405398,360.3683273758739,352.3362223896235,353.9407653808594,170004900
2022-06-14,355.68689685396777,356.71568127410126,349.7784361620524,352.8742370605469,104011800
2022-06-15,356.1683036625761,362.3410401471121,351.2225794060758,357.9049987792969,125666800
2022-06-16,349.70293778443306,350.1087829653544,343.63401132773026,346.0596923828125,134473300
2022-06-17,346.4739460122469,350.1423885814665,343.30789944734585,346.8056945800781,111113900
2022-06-21,352.521725834006,356.92005638665404,352.44587608946637,355.5361022949219,76811900
2022-06-22,351.3177452106644,358.995895116149,350.9006585244667,354.89141845703125,90059400
2022-06-23,357.02430174493765,359.1002181811548,353.4696047412398,358.3703308105469,79292100
2022-06-24,361.5363511048066,369.77377067490386,361.5079146879787,369.7642822265625,98050300
2022-06-27,370.683832618729,370.9776852889989,367.2618578134948,368.3519592285156,66009600
2022-06-28,369.9065529188097,372.68394948048416,360.71172428504013,360.8254699707031,86548900
2022-06-29,361.3752782573753,362.36109348225904,358.7116273894593,360.5316162109375,65676000
2022-06-30,356.64516179349505,360.834977987892,353.156825579061,357.6025695800781,112508300
2022-07-01,356.9484798436387,361.82079880218214,354.33221338787916,361.3847351074219,74839700
2022-07-05,356.3039239194396,362.08623764291843,353.4791138897527,362.0672607421875,81438000
2022-07-06,362.2093972721212,365.7735827766986,359.83013971421116,363.2900390625,70426200
2022-07-07,365.06266665246835,369.52735833895935,363.3090102076316,368.7311096191406,64525900
2022-07-08,367.10071569720793,370.2952282014979,365.5745794315864,368.4278259277344,72397800
2022-07-11,365.7546492181339,366.7215164411496,363.5270331899998,364.2190246582031,58366900
2022-07-12,363.6692023712076,366.04848886653093,359.2518953418649,360.9960632324219,62219200
2022-07-13,355.56449960571507,362.02931552702955,355.1474128412304,359.1002197265625,84224600
2022-07-14,354.15207948496095,359.30876226262916,351.71594911911046,358.2281494140625,89704800
2022-07-15,362.62649570213034,365.1858892356065,360.7211976903377,365.0721435546875,79060400
2022-07-18,368.1529456840062,368.82596036630525,360.83500666975766,362.0578308105469,63203600
2022-07-19,365.97270864034476,372.40908945598443,365.3186708693351,371.84033203125,78506000
2022-07-20,372.02997125876004,375.6225943016734,370.6649648500597,374.2101745605469,71843800
2022-07-21,373.6319110568227,378.0681668690259,371.233676151968,378.0207824707031,64903900
2022-07-22,378.1439131775614,379.33827161369254,372.29523939989383,374.51336669921875,72197300
2022-07-25,375.13906335562353,375.8215664094441,372.73134023128426,374.96844482421875,53631500
2022-07-26,373.328540675696,373.5370840827539,369.64114957187473,370.5321960449219,52946400
2022-07-27,373.82144153900765,381.8977324950311,373.5275888700464,380.153564453125,82342100
2022-07-28,380.95930457713075,385.61356292258694,377.4140666940386,384.9216003417969,73966600
2022-07-29,386.3529969467856,391.5191695238333,385.58518450605675,390.5333251953125,87003700
2022-08-01,387.84120629648845,391.8793520889404,387.1302667656035,389.3768310546875,69997500
2022-08-02,387.81277563609865,391.4907074923848,385.632572613597,386.8079833984375,63435400
2022-08-03,388.93122459935086,394.03103437189844,388.64686041910363,392.8651123046875,67820600
2022-08-04,392.78932847212786,393.4718315474268,390.95985110646615,392.5997619628906,45656600
2022-08-05,388.3246478205913,392.58079648264055,388.26777497334547,391.93621826171875,56814900
2022-08-08,393.6235081493515,395.87007236927724,390.3816112599049,391.481201171875,53886100
2022-08-09,390.7512903773344,391.25368644325886,388.8554517997777,389.9266052246094,44931800
2022-08-10,396.96966387104465,398.2588492285253,395.01695232609546,398.11663818359375,68665700
2022-08-11,400.9603962309802,402.81833898357877,397.37726224840134,398.11663818359375,59489700
2022-08-12,400.050395788599,404.9606110010774,399.10247645360926,404.8563537597656,61694500
2022-08-15,402.64764150057266,407.04600061972724,402.5907686609456,406.5246276855469,54048300
2022-08-16,405.45349035046,409.2451671553258,404.6477532437864,407.3208923339844,59289000
2022-08-17,403.7282975362389,407.1313242254354,402.42965277199465,404.42974853515625,63563400
2022-08-18,404.62877901944364,406.2876376325339,403.3396227828059,405.60516357421875,49023200
2022-08-19,402.8467811218481,403.1121973862413,399.282595061536,400.1546936035156,68016900
2022-08-22,395.329701995395,395.5003494416631,390.92188337608326,391.8224182128906,77695600
2022-08-23,391.39585573923233,393.7846307828097,390.3247023494631,390.87451171875,49105200
2022-08-24,390.6470127203874,393.49077064865355,389.96453858867704,392.12579345703125,49177800
2022-08-25,393.61404772211625,397.70906652826534,392.5239461830148,397.66168212890625,50942300
2022-08-26,397.547891912805,398.0881839321778,384.1442990308555,384.201171875,103087000
2022-08-29,381.2531987151374,384.70361032886984,380.3052793040388,381.6607971191406,65370800
2022-08-30,382.81725710753153,383.05423695854176,375.3760840001701,377.4709777832031,85652400
2022-08-31,379.10134082789193,380.3431127380741,374.46603071215685,374.5987243652344,76029700
2022-09-01,372.4280160542996,376.1154069737023,369.7264403478649,375.774169921875,78740100
2022-09-02,379.43307616071115,380.6464115154421,370.0012690480302,371.8117980957031,99632100
2022-09-06,372.6554995418325,373.5939303427136,368.19080797230174,370.408935546875,76637400
2022-09-07,370.0960516856913,377.83107510535797,369.8780488041353,377.0632629394531,70964200
2022-09-08,374.79778552612436,379.98287576733065,373.59390963079943,379.52789306640625,80821700
2022-09-09,381.76493683471966,386.2865295476467,381.49952063845404,385.4239196777344,76706900
2022-09-12,387.49043025851944,390.2868036201907,387.1870891554379,389.5663757324219,69256300
2022-09-13,380.9024232007864,382.1062993004574,371.5085678123265,372.6271057128906,122947100
2022-09-14,373.9257465690702,375.5656574561683,370.75021096587693,374.0489807128906,85023700
2022-09-15,372.4943947202488,375.3381528851013,368.53209861998994,369.80230712890625,87633800
2022-09-16,365.6294902775206,367.6378019325583,363.69728184111455,366.9810485839844,103084800
2022-09-19,363.84014194343365,369.8270263671875,363.763980617156,369.8270263671875,73278500
2022-09-20,366.505230286068,367.51415006942193,362.8312448574466,365.58197021484375,77274900
2022-09-21,367.50452437829694,370.55033777024784,359.1952150060502,359.2047424316406,106746600
2022-09-22,358.4337956869669,360.07091552367,355.44511739669144,356.1875305175781,89472600
2022-09-23,352.7228790149844,352.76095967141856,345.7841825636604,350.2196350097656,122346900
2022-09-26,348.75394084213934,352.37082003404043,345.5368069998178,346.755126953125,92581200
2022-09-27,350.2862401271678,352.5515599107997,343.48078239742836,345.8698425292969,108294100
2022-09-28,346.821678453464,354.3600222961964,345.1274522170946,352.6753234863281,110802200
2022-09-29,349.1345668445761,349.4200991606359,342.367189530678,345.30828857421875,112952300
2022-09-30,344.36600021604005,348.2779675279083,339.8353891876637,339.9686279296875,153711200
2022-10-03,343.6806581182504,350.79070306991537,341.9007722856018,348.9441833496094,89756500
2022-10-04,354.45525951637643,359.78541969158493,348.90620087696135,359.7568664550781,103602800
2022-10-05,355.3975589353477,361.1750432151708,353.0751323104993,358.91925048828125,88065700
2022-10-06,357.5200156173895,360.4706419018,354.721682907655,355.2166442871094,82333500
2022-10-07,351.19048666130027,355.3023262947486,343.5474284997668,345.30828857421875,107789500
2022-10-10,346.42192984075376,346.65988314467035,340.43504562807703,342.6717834472656,76042800
2022-10-11,340.9775239932869,345.5367169870272,338.5694379532379,340.5016174316406,92482800
2022-10-12,340.91088255478394,342.4813682302242,339.1309678057882,339.3784484863281,76991800
2022-10-13,332.38265512986965,349.8008528442018,331.3356548770357,348.3350524902344,147254500
2022-10-14,350.7907569397952,352.41837848921915,339.7592450066515,340.39697265625,123737000
2022-10-17,346.46954168027236,350.24824134925336,340.06382821256403,349.1441345214844,93168200
2022-10-18,357.0536513093477,357.35823847132036,349.81033854515664,353.24639892578125,97162900
2022-10-19,351.2095737934234,353.9317748856679,347.9353337780581,350.7431945800781,79746900
2022-10-20,350.29577817467606,354.71220495349155,347.0405645534775,347.8020324707031,88283100
2022-10-21,347.5260110650035,356.7395553428867,346.0221590756883,356.254150390625,131038400
2022-10-24,357.77704931693273,361.7460937798273,355.1309809456278,360.6134338378906,85436900
2022-10-25,360.53729867069814,366.68600327248134,360.4230857441992,366.3719177246094,78846300
2022-10-26,363.230974837986,368.90377378445976,362.9739957124518,363.6116943359375,104087300
2022-10-27,364.61105138754175,366.44804370025827,361.0512506396155,361.6699523925781,81971800
2022-10-28,361.5652980348159,370.75029017440346,361.3844511918501,370.2743835449219,100302000
2022-10-31,367.81862838081696,369.68417378007797,366.6954959805395,367.5997009277344,96631300
2022-11-01,371.3404256632253,371.57837896955164,364.8204992604764,365.9912109375,85407600
2022-11-02,365.40099174508543,369.90307753005027,356.7014363425113,356.8061218261719,126990400
2022-11-03,353.5700280593983,356.16848838692556,351.0191758170607,353.1322021484375,87100100
2022-11-04,358.8335469874606,360.61343287804317,352.170855133582,358.2148742675781,103505200
2022-11-07,359.50933724612685,362.231537963315,357.4343915475703,361.64141845703125,68286900
2022-11-08,362.74552365571884,366.5623039769019,359.5188919325988,363.5926513671875,84641100
2022-11-09,361.622403460563,362.77411841444257,355.6069367100275,356.1018981933594,78495500
2022-11-10,369.35108918360226,376.00428299719744,367.0572450041489,375.671142578125,141455800
2022-11-11,376.5277909851231,380.1066180137116,374.64319033872147,379.3070983886719,93839900
2022-11-14,377.5462142284,380.89658611860307,375.8043798668183,376.0804138183594,71903500
2022-11-15,381.8198207261606,382.9239274120566,375.4807419701021,379.2879943847656,93194500
2022-11-16,377.6604299906343,378.61224316456577,375.76633106956126,376.39453125,68508500
2022-11-17,371.64500584373235,375.9186672305997,371.3404476693323,375.24285888671875,74496300
2022-11-18,378.57415608736795,378.64078997970154,374.10065167393867,376.9465637207031,92922500
2022-11-21,375.62353581760493,376.7466683045898,373.73893542221714,375.575927734375,51243200
2022-11-22,377.5176776993283,380.7919174617573,376.1089836932025,380.6300964355469,60429000
2022-11-23,380.29695819857307,383.51409151080327,380.06853232216565,383.0286865234375,68261600
2022-11-25,382.4671170422372,383.4950916496888,382.19111210524926,382.9430236816406,30545400
2022-11-28,379.8590951809206,381.4962149118125,376.0708685003482,376.83233642578125,67881600
2022-11-29,376.96558433179973,378.1553507626501,374.34809818392904,376.18511962890625,52310000
2022-11-30,376.4325522787015,388.03515625,374.51942770651925,388.03515625,144566700
2022-12-01,389.0726695441886,390.24341023181614,385.2463909544575,387.7496643066406,76398200
2022-12-02,382.8668240269508,388.20648163885994,382.7621385272809,387.3022766113281,85342700
2022-12-05,384.48494250767516,385.4177008262784,378.98346353454565,380.33502197265625,77289800
2022-12-06,380.17323078475664,380.7157422182558,372.7681254520418,374.8525695800781,77972200
2022-12-07,374.0054437050733,376.5753507067164,373.0821838315825,374.21484375,65927900
2022-12-08,376.0994521400108,378.212449392276,374.3195371968257,377.14642333984375,60737900
2022-12-09,375.90911499149865,378.459967446831,374.20536119651905,374.3291015625,81447700
2022-12-12,375.11918006522006,379.7259826660156,374.4529280869199,379.7259826660156,75405800
2022-12-13,390.45283160745686,390.7098107273862,379.8401197057134,382.6003723144531,123782500
2022-12-14,382.2577044665144,385.9602719426471,377.2131058725146,380.1542053222656,108111300
2022-12-15,375.2999627142446,376.20419694431035,369.19886518287717,370.8550109863281,117705900
2022-12-16,368.302907769073,369.6415593936089,364.34432159505855,366.4765930175781,119858000
2022-12-19,366.6678340994925,367.00250429400353,361.70523742151596,363.3689880371094,79878100
2022-12-20,362.61367325179793,365.48222528681765,361.2941346468216,363.86627197265625,74427200
2022-12-21,366.4575070608886,370.4352358837999,365.92204637130624,369.30694580078125,78167400
2022-12-22,366.2662256920997,369.28777027212345,358.34902428686854,364.038330078125,100120900
2022-12-23,363.01521636298173,366.2758070046261,361.4662030943732,366.13238525390625,59857300
2022-12-27,366.01764723973866,366.3618594408892,363.0152157544233,364.68853759765625,51638200
2022-12-28,364.62164360006597,366.59140954936333,359.92680568793685,360.1562805175781,70911500
2022-12-29,362.9961320141737,367.5093216045126,362.4702133125497,366.6391906738281,66970900
2022-12-30,363.9618527124626,365.8168226274327,361.8486652893112,365.67340087890625,84022200
2023-01-03,367.52838265402187,369.4981190554035,361.2749320892196,364.1339416503906,74850700
2023-01-04,366.3905873546689,368.9722958919306,363.3499291613042,366.9451904296875,85934100
2023-01-05,364.9945470716449,365.10928447945327,362.1642506841692,362.757080078125,76970500
2023-01-06,365.8455090657922,372.19458418736764,362.7857380848977,371.0758361816406,104189600
2023-01-09,373.2655401902277,376.44964922378716,370.6838609207569,370.8655090332031,73978100
2023-01-10,370.2822289287242,373.5332484725184,369.34515816722075,373.46630859375,65358100
2023-01-11,375.0439955334967,378.26633038365287,374.2312334389066,378.1898193359375,68881100
2023-01-12,379.2894696301709,381.0297021014003,375.2256881711222,379.5667419433594,90157700
2023-01-13,376.37315440820146,381.6130534140989,376.10542404617286,381.0393371582031,63903900
2023-01-17,381.0201896884126,382.6935115955875,379.6623956443495,380.3412780761719,62677300
2023-01-18,381.526947386791,382.58829750949707,374.1356353327088,374.33642578125,99632300
2023-01-19,372.2997525257694,373.94439001524745,370.29178966269103,371.611328125,86958900
2023-01-20,373.0073162714171,378.68705053096147,371.36267892386525,378.5340576171875,91806400
2023-01-23,379.33721528402043,385.0073778706405,378.3810315420442,383.0758972167969,84178800
2023-01-24,381.40256438136305,383.5730909064676,380.216905914132,382.66473388671875,59524900
2023-01-25,378.6010544265812,383.14292828207675,376.3157607326886,382.8082580566406,84800300
2023-01-26,385.466459007332,387.1780365308271,382.5022827834098,387.0154724121094,72287400
2023-01-27,385.97321255052447,390.2760402786123,385.7628509166012,387.9046936035156,68346200
2023-01-30,385.1509087422322,387.37883383343035,382.7413355345612,383.0377502441406,74202000
2023-01-31,383.554027333468,388.7174142189188,383.20978597821664,388.66961669921875,86811800
2023-02-01,387.45528923844535,395.54462644508357,384.7206171548962,392.80035400390625,101459200
2023-02-02,396.68245506156615,399.9813013244029,394.78922953717114,398.5183410644531,101654500
2023-02-03,393.5557615392747,398.70003602985804,393.0776695484089,394.282470703125,94736800
2023-02-06,391.8346069060138,393.26888274999055,390.21865378736663,391.8728332519531,60295300
2023-02-07,390.9549267928235,398.24104381969875,389.7118993305467,396.9980163574219,90990700
2023-02-08,395.0282373142556,396.36688886374986,391.96843733219856,392.6568908691406,76227500
2023-02-09,396.25217230001425,396.40516522520073,388.028984948847,389.2528991699219,78694900
2023-02-10,388.0768430374244,390.54381421799513,387.26410994237983,390.1613464355469,70769700
2023-02-13,390.81149214644563,394.875273798094,390.3525133608386,394.74139404296875,64913500
2023-02-14,393.2210725630297,396.86413102531327,390.61070909281807,394.55975341796875,88389300
2023-02-15,392.36999085004834,395.91742424015666,391.52854451720725,395.8409423828125,61555700
2023-02-16,390.8784407346895,394.8179138959173,390.25692701019995,390.3907775878906,76431500
2023-02-17,388.2680643786122,389.6545428210452,386.34612524209655,389.4154968261719,89257800
2023-02-21,385.39947527197734,386.4512833840668,381.3452649276504,381.6034240722656,82655900
2023-02-22,382.01458672604707,383.55405800104023,379.624126941612,381.0775451660156,83742300
2023-02-23,383.96523503521115,384.5772067863999,378.88790045751995,383.10467529296875,96242400
2023-02-24,378.0942785897589,379.84408241701556,376.39227228887677,379.01220703125,108194400
2023-02-27,382.3492886397092,383.7070827492521,379.36599925020045,380.3030700683594,80444700
2023-02-28,379.82492994288907,381.78509520813367,378.7922350201957,378.8974304199219,96438600
2023-03-01,378.08465625730815,379.3085704071732,376.14360422634064,377.4440002441406,99706800
2023-03-02,375.47425838003477,381.22093252105213,375.13958820432623,380.3794860839844,85127800
2023-03-03,382.1962660076362,386.7285976253681,381.54606794616154,386.47998046875,90120000
2023-03-06,387.3023155770407,389.5971805098177,386.30790523195174,386.74774169921875,72795900
2023-03-07,386.69989002886615,386.9389359941927,380.2073934400801,380.8193359375,108310600
2023-03-08,380.93414163742426,382.1962822868647,379.21299300204765,381.44091796875,74746600
2023-03-09,382.22492782127654,383.8887075845493,373.4184826190144,374.4033508300781,111945300
2023-03-10,373.8583166785041,375.9332484862883,367.48058669730784,369.00091552734375,189253000
2023-03-13,365.0805650006383,373.2846390345943,363.9713881978472,368.4750061035156,157790000
2023-03-14,373.38980130348455,376.21055539266825,370.0909552792131,374.56591796875,149752400
2023-03-15,368.9818486133687,372.42408758364206,366.8973453679593,372.2232971191406,172996900
2023-03-16,369.87107021323396,379.0982391870772,369.36429390384325,378.7539978027344,143254200
2023-03-17,377.4256197444262,378.55821591341066,372.94318572096427,374.3253479003906,140553400
2023-03-20,375.10277090610924,378.33743311980123,374.4021114765073,377.9246826171875,93055800
2023-03-21,381.28415054635593,383.3670015855469,379.69082383763816,382.8870849609375,91524200
2023-03-22,382.71431965042825,386.3232727268631,376.3218267349629,376.3601989746094,111746600
2023-03-23,379.22048781510506,383.25179889041164,374.6708879123496,377.37762451171875,119351300
2023-03-24,376.1010222149094,379.9403548581303,373.75902695920195,379.8539733886719,107682400
2023-03-27,382.1288028794633,382.8966870426311,379.6716321408978,380.56427001953125,74010400
2023-03-28,379.87314668350865,380.564227707631,377.8767066648121,379.7099914550781,62871700
2023-03-29,383.86614971314617,385.4690843172366,382.66635800977565,385.2291259765625,77497900
2023-03-30,387.8590304445402,388.10859647318574,385.62263176835995,387.4847106933594,69840000
2023-03-31,388.4061147934353,393.24368242982905,388.30051790737826,392.9461364746094,112062600
2023-04-03,392.4278257842298,394.84659500245755,392.03429064106433,394.4434814453125,67391100
2023-04-04,395.08655642138893,395.37452397054454,390.88248211307797,392.25506591796875,66601500
2023-04-05,391.5255732993779,392.28384974684195,389.57711302940226,391.22802734375,65200200
2023-04-06,390.4313714897771,393.0325407601975,389.3851567329968,392.7541809082031,63743300
2023-04-10,390.277787817443,393.2340906618624,389.6635097627265,393.15728759765625,63681000
2023-04-11,393.7812271299072,394.6642573806665,392.4950539964702,393.2629089355469,59297900
2023-04-12,395.32645103436823,395.61441853712375,391.0743974655557,391.6598815917969,86420400
2023-04-13,392.7445509263928,397.21737725795947,391.60234704835096,396.86224365234375,85814800
2023-04-14,396.2287697684171,398.4171884519207,393.5892282764297,395.892822265625,78161500
2023-04-17,395.80643975007484,397.3325711300684,394.5778543396015,397.3133850097656,66436400
2023-04-18,398.8874459715307,399.02183667204184,396.1999248791392,397.5724792480469,63560000
2023-04-19,395.6624479202901,398.4075568472331,395.60486027089866,397.5053405761719,55227300
2023-04-20,394.6929889766768,397.0829934844094,393.7907434550367,395.3360900878906,75840400
2023-04-21,395.63361128968654,396.10392013942635,393.6947589557848,395.6432189941406,73457400
2023-04-24,395.44169241406223,396.47832873039835,394.1075394245126,396.0559997558594,64332100
2023-04-25,394.088292257947,394.6450119030647,389.7114553215701,389.76904296875,97766700
2023-04-26,390.3833550986097,391.4583635816679,387.56144318468967,388.1181335449219,80447000
2023-04-27,390.65214704527966,396.11360078097556,390.4025810177756,395.8448486328125,92968400
2023-04-28,394.9617272106124,399.2329963765921,394.904139565875,399.223388671875,89433100
2023-05-01,398.7819109693187,400.8455465437123,398.58993260769745,398.8203125,62122300
2023-05-02,398.1099974743272,398.1580067083917,391.43917444922255,394.3378601074219,103998500
2023-05-03,394.83694265774216,397.2461331896153,391.3911452329056,391.631103515625,91531800
2023-05-04,390.5849268562114,390.91126663739385,387.52305652796423,388.85723876953125,94901900
2023-05-05,392.48541888407567,397.102214486308,392.2262744508848,396.0559997558594,87891800
2023-05-08,396.3823017131118,396.64144612156804,394.76018132750204,396.1615295410156,50046800
2023-05-09,394.6162947953608,395.53772662115546,394.19396577274875,394.42431640625,49220100
2023-05-10,397.25577792419296,397.88927136463667,392.44700411687967,396.26715087890625,96142900
2023-05-11,395.4033173680311,395.8640185793233,393.5028369960926,395.5760803222656,70157100
2023-05-12,396.8142810526254,397.0254455424627,392.63900049417026,395.0577697753906,70481500
2023-05-15,395.66246936913564,396.82385941720236,393.75241054660967,396.4207458496094,54289400
2023-05-16,395.31689334176326,396.2383543170176,393.761968222226,393.7715759277344,57705500
2023-05-17,395.78718962241436,399.15618392738526,394.1458832024653,398.551513671875,87287000
2023-05-18,398.23480532655367,402.8132286270494,398.0140624281471,402.3908996582031,97177200
2023-05-19,403.29314851307697,403.8210450825171,400.5864117249465,401.8053894042969,103793300
2023-05-22,401.8246282749285,403.5043365562108,400.5864351115969,401.9685974121094,60745400
2023-05-23,400.3271976557855,401.90133808318683,397.06377080135275,397.4573059082031,86383500
2023-05-24,395.85447559408595,396.2384030684528,393.41649072958387,394.577880859375,89213700
2023-05-25,398.0812545290906,399.44423070710803,395.84485582251955,397.994873046875,90961600
2023-05-26,398.6475192492727,403.86901432087706,398.5707454798897,403.1491394042969,93830000
2023-05-30,405.0783704702366,405.60626696953454,401.9205113036728,403.30267333984375,72216000
2023-05-31,401.47906649861943,402.3813121326053,399.5018122688516,401.06634521484375,110811800
2023-06-01,401.29664281865877,405.93265339027886,400.04887142591303,404.8768310546875,88865000
2023-06-02,407.4491692853337,411.51885243910056,406.92127277329087,410.7318115234375,91426200
2023-06-05,411.0773899248413,412.3635629860605,409.2441048720611,409.9447937011719,65460200
2023-06-06,409.53204325524,411.3652988856477,408.8793344192004,410.83740234375,64022200
2023-06-07,411.2309384070294,412.3635345526036,408.9945106484148,409.4168395996094,85373300
2023-06-08,409.48408900675076,412.3444028643595,408.7162340623749,411.8932800292969,61952800
2023-06-09,412.6898203071148,414.6382802757191,411.6436057714387,412.6322326660156,85742800
2023-06-12,413.61134578902306,416.4524439304632,412.89147087099775,416.3756408691406,76104300
2023-06-13,417.83464596394765,419.7638910098273,417.17235863286135,419.1208190917969,95899700
2023-06-14,419.45674831132544,421.42439480568777,416.1741056268984,419.6199035644531,100612100
2023-06-15,418.80397116276845,426.069914890404,418.70801128446885,424.8221435546875,110303100
2023-06-16,426.8047878199797,427.3731894001626,422.90303570152577,423.3750915527344,114165800
2023-06-20,421.4387558395076,422.32506614292663,419.1073181445954,421.1786193847656,76160400
2023-06-21,420.1958856547502,420.9954934589653,418.43284996744785,419.0205383300781,76982300
2023-06-22,418.0668439684426,420.6391018260277,417.72964857046975,420.53314208984375,70637200
2023-06-23,417.08416191308544,419.1362056994903,416.64100677536294,417.3539123535156,92074500
2023-06-26,416.78554609984883,418.7027001286234,415.40789299777055,415.64874267578125,72823600
2023-06-27,416.52540707007813,420.8221567639146,416.0726085341393,420.2055969238281,72813700
2023-06-28,419.1265614695,421.4290983033547,418.5100016357142,420.41754150390625,75636000
2023-06-29,420.0032229268465,422.2383146152685,419.59861200085055,422.07452392578125,67882300
2023-06-30,425.2827088718478,428.0380149404403,424.9647708481831,427.05535888671875,104964000
2023-07-03,426.70850932168867,427.82602579498047,426.4291155030701,427.5466613769531,32793400
2023-07-05,425.73554103219334,427.64308112300023,425.72589763659545,426.910888671875,58418400
2023-07-06,423.3366038147622,423.9917077726785,421.06296794825374,423.56781005859375,80658300
2023-07-07,422.57550143257924,426.43873894163033,422.25756345371417,422.4984130859375,86134200
2023-07-10,422.1419696202549,423.7412147414674,421.5735680037754,423.56781005859375,62443500
2023-07-11,424.32890870557475,426.7566624993896,423.3558667490492,426.26531982421875,64463800
2023-07-12,430.0515200243212,431.1016209821125,428.62567949600117,429.6950378417969,91924500
2023-07-13,431.506253963796,433.89549322497544,431.0727422071223,433.1054992675781,72425200
2023-07-14,433.991813962652,434.83958003816,432.07463074719146,432.8357238769531,69815800
2023-07-17,432.6912196663996,435.3887239970372,432.6430320958501,434.338623046875,52680200
2023-07-18,434.0110663595222,438.2114701147798,433.5775252322227,437.5660095214844,80668200
2023-07-19,438.35601441060516,439.724023983291,437.48893213427476,438.5390625,65891700
2023-07-20,437.5467608684042,438.44271452207744,434.91667207150675,435.62957763671875,70591600
2023-07-21,437.3444259913096,437.5467608684042,435.61996364299455,435.62957763671875,71275600
2023-07-24,436.7760157789645,438.38490436691495,435.74517222742827,437.5756530761719,54023400
2023-07-25,437.3059387900186,440.0227007047043,437.2577512159894,438.7702941894531,55191200
2023-07-26,437.83576473919794,440.263518637083,436.7856637889011,438.83770751953125,71052900
2023-07-27,442.21927624770876,442.62391665220645,435.0226865294984,435.92828369140625,92194400
2023-07-28,439.1941936182639,441.024645224626,435.9282579906258,440.1961364746094,80011800
2023-07-31,440.6681140687776,441.39066294813205,439.3578768125751,441.0342102050781,62040400
2023-08-01,439.5698514127993,440.51399258801536,438.8184017102693,439.7721862792969,55291500
2023-08-02,436.66043160748643,436.9205386548979,432.9031828085776,433.6546325683594,93933400
2023-08-03,431.64112757810364,434.2904737931767,430.9956375639887,432.4118347167969,64276100
2023-08-04,434.2230384704291,436.3232404604835,429.9359027397443,430.4561462402344,100128900
2023-08-07,432.28658168791264,434.36752621178806,431.59293351328745,434.21337890625,58357500
2023-08-08,431.6796137883657,434.2037427118271,428.9724661870649,432.3251037597656,71361300
2023-08-09,432.5948520910791,432.7586427817327,428.67381291504086,429.4349060058594,78789600
2023-08-10,431.7855978075418,435.1671361209915,428.4233462814403,429.58905029296875,93005500
2023-08-11,427.7200290859293,430.35011754971424,427.1227267257981,429.3385314941406,68690900
2023-08-14,428.4233633029166,431.7085266113281,428.1150686990038,431.7085266113281,47867400
2023-08-15,429.935919835655,430.292402044995,426.1112258867205,426.6796569824219,75707500
2023-08-16,426.2653150386881,427.9223617239687,423.44256433778145,423.5485534667969,80107200
2023-08-17,425.01291328665195,425.273020314269,419.8009235363625,420.3211669921875,95711300
2023-08-18,417.5080258452247,421.5543115245304,417.1612164787308,420.5234680175781,98852000
2023-08-21,421.5349994297979,424.00129722321185,419.3866396038395,423.2594909667969,68719000
2023-08-22,425.032225506542,425.032225506542,421.5543703601319,422.1131286621094,64994200
2023-08-23,423.17280782729074,427.431042301619,423.0283039267051,426.814453125,68441000
2023-08-24,428.41372832126285,428.9243284062607,420.8703007742917,420.89923095703125,88517300
2023-08-25,422.62366273446645,425.14776219480035,419.07836317797603,423.866455078125,102325100
2023-08-28,426.05339622552776,427.1709421526019,423.8664919427265,426.55438232421875,61595400
2023-08-29,426.4483889303442,432.999517120143,426.26534084235647,432.7201232910156,83081900
2023-08-30,433.05731299234867,435.1382574911251,432.35402143192493,434.5024108886719,69053900
2023-08-31,435.1189223908011,436.2557255535454,433.68346804802377,433.86651611328125,66084600
2023-09-01,436.5833515582069,437.06505085275637,433.2210704898494,434.6758117675781,58944100
2023-09-05,434.23266409054196,434.55057269413254,432.72976461783867,432.79718017578125,55166200
2023-09-06,431.98789706191957,432.09388618903915,427.5659013158959,429.8876953125,70758500
2023-09-07,426.8915071469469,429.24220190465525,426.5446977895423,428.5678405761719,70355400
2023-09-08,428.61607641541775,430.7451793135571,428.25962359995947,429.21337890625,61659700
2023-09-11,431.83376742594476,432.34436749416994,430.12856253408137,432.0361022949219,60180100
2023-09-12,430.59105211482444,432.11320909412444,429.08815252492514,429.6661682128906,67565400
2023-09-13,429.8877509320253,431.3232055262028,428.7894623481302,430.1671447753906,60199300
2023-09-14,432.63336626870154,434.56977723810513,431.33277242916336,433.8761291503906,83430800
2023-09-15,432.29352436707654,432.62223173023705,428.2136407942197,428.648681640625,111848900
2023-09-18,428.3392962837647,430.1955590603149,427.86557530879384,428.9000549316406,55752200
2023-09-19,427.9815868766938,428.5713482483716,425.332573169419,428.0105895996094,66514600
2023-09-20,429.2674693964477,429.68318495179983,423.8727265693422,424.0757751464844,82562600
2023-09-21,421.233389771168,421.49441429318694,416.91180676973505,417.0664978027344,104095800
2023-09-22,418.0913502784636,419.68655933537104,415.7130085528767,416.1287536621094,100829700
2023-09-25,414.92023546020613,417.91728222441265,414.4851650567311,417.8786315917969,70874500
2023-09-26,414.84285049792544,415.54862280920696,410.90798029741677,411.73944091796875,96168400
2023-09-27,412.9092856337623,413.4700443597365,408.26867230252077,411.90380859375,104705800
2023-09-28,411.35270706101295,415.964317107926,410.762945679416,414.291748046875,92258300
2023-09-29,417.3371969608053,417.5112133076614,411.7684378270295,413.28631591796875,115111300
2023-10-02,412.4548865420046,414.36915501527096,410.3666017087048,413.1219787597656,83798600
2023-10-03,410.9467055118216,413.1800040858978,406.2287317175528,407.5919189453125,103760600
2023-10-04,408.0559666596498,411.3043900178651,406.59609392791054,410.5599670410156,87453000
2023-10-05,410.2699077129364,411.24638199806213,407.18585282564163,410.4052734375,70142700
2023-10-06,407.9592344326086,416.8150963910029,406.63472757769614,415.27789306640625,113273300
2023-10-09,413.3829806224,418.5070215863633,412.8319288458573,417.9366149902344,80374400
2023-10-10,418.5649663005958,422.7028550027733,418.1685761124723,420.1118469238281,78607300
2023-10-11,421.17540990507433,422.08417183466213,418.797068320578,421.83282470703125,62451700
2023-10-12,422.4418474172078,422.81888280363904,416.91176888328704,419.2610778808594,81154200
2023-10-13,420.75969048751125,421.9585387631344,415.6066757486928,417.1728820800781,95143100
2023-10-16,419.4157827397426,422.6255551040407,419.1740835467255,421.56207275390625,75433200
2023-10-17,418.4393454760135,423.5923892481788,418.09131276942526,421.5427551269531,75324700
2023-10-18,419.77349041439385,420.7306097718711,414.8428210042976,415.9256286621094,93559800
2023-10-19,416.64105822052716,418.4489633659572,411.59437816274504,412.2711181640625,121323000
2023-10-20,411.83610400929126,412.37750784711915,407.0987761718527,407.20513916015625,123919900
2023-10-23,405.67757598059893,410.3568982821464,403.9276761980999,406.4993591308594,92035100
2023-10-24,408.61664598235126,410.71460793995783,406.77006062450005,409.5641174316406,78564200
2023-10-25,407.88192884542195,407.91093157015536,403.17360349885,403.6860046386719,94223200
2023-10-26,402.6225823087564,403.47333880031834,397.93361142540357,398.85205078125,115156800
2023-10-27,400.43756406837696,400.83395429205797,395.6229054415524,397.0440979003906,107367700
2023-10-30,399.82851071417565,402.84491222424634,398.53300645045545,401.7911071777344,86562700
2023-10-31,402.361504611754,404.63348310254605,400.45691364342605,404.314453125,79665200
2023-11-01,405.2812643437381,409.43847913059346,404.7495083565733,408.6263732910156,98068100
2023-11-02,412.41619465013827,416.61211901779166,412.39686933434086,416.4574279785156,94938900
2023-11-03,418.75837375712325,421.8037777300333,418.6326854543438,420.25689697265625,100167800
2023-11-06,421.0109973746679,421.66841210779677,419.2804228673673,421.22369384765625,67831700
2023-11-07,421.2237277176419,423.0606358569916,420.0829145000172,422.42254638671875,64256100
2023-11-08,423.02196085453033,423.5440394282341,420.43095231056213,422.73193359375,61746000
2023-11-09,423.8727442351021,423.91142437106953,419.00975716373983,419.4351501464844,83174400
2023-11-10,421.50413223667414,426.28975929301595,419.4254952530958,425.9803771972656,89462200
2023-11-13,424.64616313137293,426.6764127794683,423.86306009469695,425.57427978515625,52236100
2023-11-14,431.50079597873554,435.1166069139446,431.2784220719966,433.8307800292969,97176900
2023-11-15,435.16486101976614,436.3927117469104,433.8983596665992,434.7491455078125,77327600
2023-11-16,434.3045010394223,435.60000533429076,433.2410185572766,435.2809753417969,66665800
2023-11-17,435.29057073108856,436.43141334936854,434.3721314970017,435.82232666015625,83133200
2023-11-20,435.57099160312566,440.0182630951851,435.5613141930735,439.1771545410156,69936200
2023-11-21,438.13299304399567,439.0514618608499,436.9534996970191,438.2200012207031,49244600
2023-11-22,439.8732451207241,441.22675482120695,438.8194400859089,439.9118957519531,59394900
2023-11-24,439.9602422808771,440.3759578384197,439.6315348978691,440.1825866699219,29737400
2023-11-27,439.55413995178077,440.3662456876674,439.00305871890555,439.3898010253906,50506000
2023-11-28,439.00304598057033,441.1203331786689,438.44231685931027,439.8248291015625,62115000
2023-11-29,441.97120588419773,443.1023712619962,439.1191726740231,439.5155334472656,63146000
2023-11-30,440.35665713551293,441.59415597189025,438.2876976332808,441.24609375,79752700
2023-12-01,440.6370255353667,444.38820233909854,440.0472935709732,443.8564758300781,89183400
2023-12-04,440.47265370720123,443.8757680204174,439.25448022667734,441.5264587402344,72430900
2023-12-05,440.14391844231596,442.3965419933345,439.7668535301099,441.4394226074219,69793500
2023-12-06,443.5760069120985,443.6050096339301,439.22542161159066,439.6604919433594,69124700
2023-12-07,441.73917136361564,443.6630877368815,441.13976201140014,443.0153503417969,66995400
2023-12-08,442.2708481089666,445.4516177863762,442.02914891320626,444.9198913574219,83194400
2023-12-11,444.4268307846884,446.8244975103325,444.2141343049595,446.65045166015625,65002200
2023-12-12,446.3024402574832,448.7871152745883,445.30664066950123,448.6904296875,68327600
2023-12-13,449.0674408996175,455.12927578193285,448.709730800554,454.8778991699219,93278000
2023-12-14,456.81145899765846,458.0006296077065,453.6693695971455,456.3377380371094,119026000
2023-12-15,455.74168294193043,456.9162712434612,453.7420093093976,455.58636474609375,141553700
2023-12-18,457.1881393985243,459.12957270241793,456.13006180277284,458.1491394042969,70375300
2023-12-19,458.69273602664884,461.0127630324847,458.61509172941334,460.9350891113281,55761800
2023-12-20,460.0808576886502,461.96405036999886,454.1206728290634,454.54779052734375,102921000
2023-12-21,457.5278509164755,459.1295570366737,455.1107760152546,458.8577575683594,86667500
2023-12-22,459.98377994700513,461.4592882220052,457.8870580411275,459.7799377441406,67160400
2023-12-26,460.18765521976536,462.62413389794295,460.109981297383,461.72137451171875,55387000
2023-12-27,461.5175394244562,462.70181495571654,460.9836571015111,462.55621337890625,68000300
2023-12-28,462.91536504878167,463.5657286208665,462.3135254600746,462.7309265136719,77158100
2023-12-29,462.5367960308314,463.0609913493408,459.4402073535901,461.391357421875,122283100
2024-01-02,458.33359292378987,459.79938459581,456.7124830275094,458.8092346191406,123623700
2024-01-03,456.65418509885427,457.39193916554245,454.4603858132538,455.0622253417969,103585900
2024-01-04,454.5866169474703,457.1687269140432,453.3732210773095,453.59649658203125,84232200
2024-01-05,453.8003122508208,456.66393818647634,452.7713549830218,454.2177429199219,86118900
2024-01-08,454.71281340697016,460.8477500166702,454.5866154970485,460.7021484375,74879100
2024-01-09,458.05208481523704,461.02247554943773,457.54732279548995,460.00323486328125,65931400
2024-01-10,460.27499186871785,463.4686578138975,459.9934757568045,462.6047058105469,67310600
2024-01-11,463.60455806414546,464.119036700077,458.4306513904914,462.40087890625,77940700
2024-01-12,463.847256832393,464.5850109920546,461.31370050606375,462.7212219238281,58026400
2024-01-16,461.34278348918724,462.6532272077025,459.2071951071508,461.0224304199219,85014900
2024-01-17,458.00360079309655,458.9451972598832,456.11069121201325,458.4598388671875,68843900
2024-01-18,460.1294153145847,463.0900892897804,458.58597937392244,462.5367736816406,91856200
2024-01-19,463.6628015298727,468.58434205067863,462.5853202688259,468.3028259277344,110834500
2024-01-22,469.83656769535,471.0111265282756,468.6425755704272,469.29296875,75844900
2024-01-23,469.8365966379768,470.9043613024555,468.74939868030367,470.66168212890625,49945300
2024-01-24,473.52526505734005,474.45714470411593,470.6810725123754,471.1761474609375,81765000
2024-01-25,473.30199623812143,474.0106300348732,471.1761540957068,473.73883056640625,72525000
2024-01-26,473.3117458196852,474.7969411657135,472.2925051479898,473.13702392578125,76641600
2024-01-29,473.4475958586122,477.029542315143,472.9039969579279,476.8839111328125,61322800
2024-01-30,476.19475312019154,477.2237103899132,475.7579187820987,476.5151062011719,58618400
2024-01-31,474.31155855924624,474.75807991768903,468.7202212489611,468.7396545410156,126011100
2024-02-01,470.43836054795435,474.90366254751126,469.63264923202524,474.8745422363281,91891600
2024-02-02,475.31136898916844,481.523949196212,474.97161226030033,479.8737487792969,99228200
2024-02-05,479.24278207992484,479.9028622372628,475.8743943997294,478.1264343261719,75757100
2024-02-06,479.0680669349689,479.84465802363434,477.6411122849623,479.5146179199219,55918600
2024-02-07,481.756982255993,483.93137810723994,480.854193242822,483.51397705078125,70556500
2024-02-08,483.51398020972,484.10610316011065,482.69858176017516,483.7275390625,52343600
2024-02-09,484.2322563033971,486.95996752942966,483.89249957484776,486.5231628417969,63979400
2024-02-12,486.49406987855394,488.75582660767503,485.59128089218916,486.30963134765625,56502300
2024-02-13,480.0485287007201,482.53356108402113,476.35010044182593,479.6116943359375,113099200
2024-02-14,482.2422795475269,484.4555120799487,479.92225279096976,483.97015380859375,68387800
2024-02-15,484.66912826614583,487.49391729462275,484.1934569596569,487.3094787597656,61683000
2024-02-16,487.00856229426716,488.1442842020213,484.144936285217,484.8826904296875,75532900
2024-02-20,483.14507545774694,483.8148722929186,479.970842787005,482.21319580078125,71736700
2024-02-21,480.9124629140013,482.8053426352379,479.1069145137689,482.6500244140625,59293400
2024-02-22,489.25088043870596,493.5996718242251,488.2898508655614,492.638671875,76402500
2024-02-23,494.35685563775104,495.1916873577398,492.25041710535265,492.97845458984375,61321800
2024-02-26,493.4152350521733,493.8520693709636,491.0466841824756,491.1728820800781,50386700
2024-02-27,491.86214231163,492.30866367947897,489.9692329795254,492.08538818359375,48854500
2024-02-28,490.5322390639573,492.01743437576624,490.17307863790023,491.4350280761719,56506600
2024-02-29,493.1920036518268,494.8130838290683,490.5516532421677,493.2016906738281,83924800
2024-03-01,494.0753617325155,498.25911842016706,493.6676477127876,497.8320007324219,76844800
2024-03-04,497.03607301464484,499.1425115484434,497.00692307628157,497.2981262207031,49799300
2024-03-05,495.29842384541166,495.7449748064334,490.1245174506037,492.3280334472656,72855600
2024-03-06,495.5993458504527,497.0748540345267,493.53174438668293,494.8227844238281,68382400
2024-03-07,498.11356939849594,500.78304025779806,494.8810662776538,499.7346496582031,58652100
2024-03-08,500.3655769656846,503.04470489035225,496.16235769149256,496.7350769042969,86532500
2024-03-11,495.5314219659159,496.89041928478855,493.6093924281333,496.3079833984375,62557200
2024-03-12,498.41446966211043,502.22937893995004,495.90028750048145,501.64697265625,73114400
2024-03-13,501.9672879725168,502.14200986510485,499.4240150117718,500.86065673828125,55104100
2024-03-14,501.8313823905043,501.98673024081194,496.832226949847,499.8705749511719,110171800
2024-03-15,496.80813351794416,498.2590153922283,494.7730358188075,496.4381103515625,107646300
2024-03-18,500.4985887866016,501.93969410963876,498.97956820958467,499.3885192871094,88893300
2024-03-19,498.6972103635703,502.44605736767124,497.6942371868493,502.1636962890625,60755300
2024-03-20,502.2220463909248,506.9446253921805,501.5501685674469,506.80828857421875,69594600
2024-03-21,509.6419901809582,510.34304922248214,508.20082532016534,508.4832458496094,60256100
2024-03-22,508.39561095817277,508.8824773514824,507.2855413177628,507.519287109375,79070800
2024-03-25,506.1461854674636,507.26600171225357,505.9611738991571,506.11700439453125,48512100
2024-03-26,507.5386980888141,507.87954020766836,504.7830772199743,505.1822814941406,65463700
2024-03-27,508.0060617645378,509.466660680705,505.84434446401093,509.42767333984375,82999800
2024-03-28,509.46672014586477,510.829910300913,509.04802220619024,509.33038330078125,96294900
2024-04-01,510.07042079723595,510.60596189996124,507.28550008559404,508.4442443847656,62477500
2024-04-02,504.62721155274875,505.3477642225264,502.9134325371014,505.21148681640625,74230300
2024-04-03,504.1208688391064,507.266065898289,504.0721940901131,505.7664794921875,59155800
2024-04-04,509.76853565111946,510.1093183056524,499.2911628340767,499.593017578125,96858100
2024-04-05,500.94653513579135,506.7694375345306,500.5083435441168,504.8122253417969,74546500
2024-04-08,505.5133007732254,506.516214442084,504.2863881936749,505.09454345703125,48401800
2024-04-09,506.82779978442835,507.0712329255352,500.8393207404325,505.6788024902344,68049200
2024-04-10,499.9922143304957,502.60181066009386,498.6387711363,500.61541748046875,82652800
2024-04-11,502.13442685782303,505.8345989017068,498.62901322296943,504.39349365234375,70099000
2024-04-12,500.85889444352966,502.27081877394835,495.70784003413945,497.4313659667969,92561100
2024-04-15,501.5989519571189,501.7644698822578,490.3523209615631,491.1994934082031,92101400
2024-04-16,491.6765860412786,493.19560665785394,489.01828510429004,490.3036193847656,73484000
2024-04-17,492.75738492725213,492.9229325491744,486.00942494137024,487.40185546875,75910300
2024-04-18,488.794360179131,490.8878795783521,485.46418121059236,486.3989562988281,74548100
2024-04-19,486.3210783246666,487.31427501412566,480.8876330360681,482.15350341796875,102212600
2024-04-22,484.7533807670464,489.1838827819534,482.41642801907807,486.59375,67961000
2024-04-23,488.59963980175917,492.79642576333276,486.40874101697625,492.36798095703125,64633600
2024-04-24,493.2540640735244,494.0427852311199,489.9141678416356,492.13427734375,55928100
2024-04-25,486.0678932982719,491.0241892900092,484.4222826199273,490.2646789550781,69122400
2024-04-26,493.0495298783495,496.4868049205615,492.4166096033967,494.90936279296875,64306100
2024-04-29,496.6913201679961,497.33398732987405,493.9259228058318,496.662109375,46415400
2024-04-30,495.20145909113546,496.1751917116098,488.7943115234375,488.7943115234375,77483600
2024-05-01,488.2101273744075,494.84124497607075,486.7397814235659,487.2071838378906,80242800
2024-05-02,490.90730120185356,492.60161619088024,486.4281251448712,491.7641906738281,62550200
2024-05-03,497.73321224009646,499.08668524553275,495.20150126804214,497.85980224609375,72756700
2024-05-06,500.255195688938,503.0400570645358,499.8170040691018,503.0011291503906,47264700
2024-05-07,503.9650423598839,504.94852179554,502.88421343694205,503.55609130859375,52561300
2024-05-08,501.7254700555243,504.14030789046143,501.60862689782874,503.6047668457031,42047200
2024-05-09,503.7897771689901,506.5454570669787,503.1373929681529,506.5064697265625,43643700
2024-05-10,508.10336653372445,508.911581170476,505.94170885537113,507.15887451171875,52233200
2024-05-13,508.83376404779614,508.9408603825465,506.0878306657376,507.2270812988281,36716400
2024-05-14,507.4217834719146,510.07036706182174,506.88624242560803,509.55426025390625,57535900
2024-05-15,512.0178797101214,516.1562436643347,511.38492968552964,515.8641357421875,59504900
2024-05-16,515.9614174721102,517.5583531460086,514.6565896819933,514.8026733398438,50244800
2024-05-17,514.9194605352642,515.6108319783463,513.4686086768853,515.5426635742188,59187600
2024-05-20,515.6596602461204,517.5973789121299,515.2701433728218,516.1367797851562,37764200
2024-05-21,515.3772666864285,517.5584184029028,515.1727614260365,517.402587890625,33437000
2024-05-22,516.7111875279095,517.4219932520712,513.7412557847823,515.9127197265625,48390000
2024-05-23,518.9605990872589,519.0676954201629,510.93699174891134,512.1444702148438,57211200
2024-05-24,513.9847589456947,516.3412347653415,513.0402667962413,515.5330200195312,41291100
2024-05-28,516.3411878885217,516.5748741957514,513.2641596915468,515.8932495117188,36269600
2024-05-29,511.8718716025252,513.4590608844294,511.57001679975457,512.2808227539062,45190300
2024-05-30,510.7422784507473,511.4044095336918,507.6360688600374,508.8824157714844,46377600
2024-05-31,509.8367164200918,513.6439850215788,504.7440541264526,513.5173950195312,90785800
2024-06-03,515.1240197883811,515.4063808363203,508.8726139393969,513.93603515625,46835700
2024-06-04,512.6312015701925,515.2505442101099,511.17060291072727,514.510498046875,34632700
2024-06-05,516.8280887412405,520.645104022442,514.8416361330836,520.6256103515625,47610400
2024-06-06,520.9275684331457,521.3560132540258,518.6879948188819,520.615966796875,30808500
2024-06-07,519.6421901069427,522.7873872843439,518.55161418802,519.9830322265625,43224500
2024-06-10,519.1747009286601,521.9108869486413,518.5807383516342,521.5895385742188,35686100
2024-06-11,520.0414700499772,522.9042467845098,518.0745108271142,522.8458251953125,36383400
2024-06-12,527.4028804771598,529.8274655446977,526.1077992631506,527.1399536132812,63251300
2024-06-13,528.8829798084458,529.0582445758802,525.4164935113477,528.2013549804688,44760900
2024-06-14,526.6725890295746,528.551886156822,525.6696157422205,528.522705078125,40089900
2024-06-17,527.8410283318889,534.1216160104203,527.3833430672393,532.7291259765625,55839500
2024-06-18,532.7874995764366,534.2091705580833,532.3688016931667,534.0825805664062,41376400
2024-06-20,535.0077463215187,535.6698774866474,530.8596351285086,532.6318359375,70328200
2024-06-21,531.8100996997973,533.0311919018784,530.4620091388084,531.9175415039062,64338600
2024-06-24,531.7419157804823,534.3013212499749,530.0714395414016,530.1886596679688,45528700
2024-06-25,531.4096852385123,532.5917242597523,529.8955424418219,532.2302856445312,37936200
2024-06-26,531.1167351250136,533.6077524053179,530.4720243887124,532.8946533203125,38550600
2024-06-27,532.7576842601343,534.3109399086211,532.0152505978965,533.7345581054688,35041500
2024-06-28,534.5063503169283,537.5542520433446,530.3937489459842,531.6343383789062,76144500
2024-07-01,533.0117876323043,533.2560061424955,529.9737236752046,532.728515625,40297800
2024-07-02,531.126400132376,536.3135986328125,531.0775683576217,536.3135986328125,40434800
2024-07-03,536.0010708200014,539.068469909586,535.9620173191718,538.70703125,32789900
2024-07-05,539.0098526062544,542.213968717536,538.3748605783948,541.8134765625,41488400
2024-07-08,542.5948722312855,543.3861377502993,541.3737797869028,542.4385986328125,36110500
2024-07-09,543.3958913589794,544.2945986626197,542.6730142045088,542.966064453125,27289700
2024-07-10,544.1872136667199,548.6808102777995,543.894163387503,548.3389282226562,38701200
2024-07-11,548.4560949063842,549.3255270030801,542.9758465360856,543.6107788085938,53054200
2024-07-12,544.7342644743289,550.6345620898736,544.2653840243584,547.0396728515625,53084400
2024-07-15,549.0325043663784,551.7775178290722,546.6879829958002,548.5440673828125,40584300
2024-07-16,549.8530882979716,552.090108393895,549.1008762046278,551.7970581054688,36475300
2024-07-17,545.8771519032762,547.5476278240299,543.7377955656038,544.0601806640625,57119000
2024-07-18,545.593898977862,546.580551242634,537.7007404833427,539.879150390625,56270400
2024-07-19,539.6446767543289,541.2663208584747,535.2389658144236,536.2940063476562,65509100
2024-07-22,540.2113760766848,542.4288993582354,538.277184442637,541.8232421875,43346700
2024-07-23,541.7157629327536,543.8648979607326,540.4849516029554,540.973388671875,34439600
2024-07-24,536.1670544374522,536.4698829953903,527.7952370228695,528.7135009765625,74515300
2024-07-25,528.8307523766035,534.7994982405838,525.0209792890996,525.958740234375,61158300
2024-07-26,529.7393433023149,534.535769150024,528.9675745637637,531.849365234375,53763800
2024-07-29,533.3927971337158,534.3989464184045,530.1690650137424,532.1619262695312,39515800
2024-07-30,533.6272524601584,534.6822931769603,526.0662565076813,529.4657592773438,46853600
2024-07-31,536.284203519186,540.6996925359946,534.9166158614872,538.0718994140625,65663400
2024-08-01,539.7913062018092,542.0381046138815,526.9551667505608,530.452392578125,76428700
2024-08-02,523.3603616135271,524.571676102486,516.3756871144337,520.5762939453125,82789100
2024-08-05,499.80785259777787,511.4717311244644,498.4695101090915,505.41510009765625,146267400
2024-08-06,507.21259624641726,517.4991102473832,505.89383991875644,510.07489013671875,84826300
2024-08-07,516.2486294067602,519.2965314666948,506.0696179320819,506.6654968261719,70698300
2024-08-08,511.7939332085329,519.0032667194084,509.7718568841384,518.3781127929688,63276600
2024-08-09,517.5576103421191,522.1489300560904,516.3365178449808,520.6640625,45619600
2024-08-12,521.8559471668351,523.3407552909962,518.6713279832952,520.9376831054688,42542100
2024-08-13,524.1222955084382,529.7393216479126,523.878076980635,529.5048217773438,52333100
2024-08-14,530.2960214933445,532.3572709257232,527.6291745808618,531.1752319335938,42446900
2024-08-15,536.7922160560852,540.562935056648,536.1865589989441,540.2796630859375,60846800
2024-08-16,538.6679083622046,542.1846909540823,538.5116347380534,541.4910888671875,44430700
2024-08-19,541.9013070349608,546.66845703125,541.0514314058853,546.66845703125,39121800
2024-08-20,546.2191462607274,547.8700657821756,544.4412283435015,545.779541015625,33732300
2024-08-21,546.8248322343893,549.1106842316043,541.9013486274712,547.6551513671875,41514600
2024-08-22,549.5503421956289,550.1559994238155,542.1456191373768,543.35693359375,56121500
2024-08-23,546.5903394303513,550.0680084955276,544.4020915801096,549.1301879882812,50639400
2024-08-26,550.1559715338451,550.8690705771505,546.1214765619129,547.8212280273438,35788600
2024-08-27,546.5512279111676,549.0618012606642,545.4083020191189,548.5733642578125,32693900
2024-08-28,548.2315922971716,548.6614193309421,542.2042355425785,545.3888549804688,41066000
2024-08-29,547.3522554939839,550.6443160255352,544.294635177053,545.4375610351562,38715200
2024-08-30,547.8017316610252,551.1524028130747,544.2556737558524,550.6444091796875,62700100
2024-09-03,547.508549729637,547.8407131286382,536.8020487007664,539.3126220703125,60600100
2024-09-04,537.4760847370844,541.608242662233,536.7532075195429,538.208740234375,47224900
2024-09-05,538.1501466111926,540.9928237930679,534.4477558926965,536.8997192382812,44264300
2024-09-06,537.2220554393132,538.8436399407501,526.964879098129,527.8635864257812,68493800
2024-09-09,532.054494369654,535.0437266855093,530.1300214174476,533.7737426757812,40445800
2024-09-10,535.678584169421,536.4503527479894,530.8137709847371,536.0986328125,36394600
2024-09-11,536.0108196239122,542.5167747623394,527.4729497044474,541.5985107421875,75248600
2024-09-12,542.1747991721596,546.4632899534062,539.957276313442,546.1604614257812,51819600
2024-09-13,546.7662020730168,550.0094311099382,546.5122052774053,549.0130004882812,39310500
2024-09-16,548.7491334077678,550.0874458768798,546.9517188263792,549.82373046875,36656100
2024-09-17,552.0314851715059,553.477299266029,547.8211605278194,550.0484619140625,49321000
2024-09-18,550.7030274298603,555.5385664291312,547.8603498689396,548.4171752929688,59044900
2024-09-19,557.8049085738365,559.6316584337985,554.9426745171918,557.7755737304688,75315500
2024-09-20,556.4096807844697,557.8500616857909,553.793383536953,556.8114013671875,77503100
2024-09-23,557.8794446150124,558.8495067502496,556.6643550711399,558.2027587890625,44116900
2024-09-24,558.9964258828836,559.8587165873663,556.1743944512203,559.7999267578125,46805700
2024-09-25,559.6431398003925,560.3780425284191,557.4579883539482,558.5652465820312,38428600
2024-09-26,562.817932214862,563.1413061737785,558.4281322177342,560.77978515625,48336000
2024-09-27,561.8478858705382,562.6611352170194,558.9376397719122,559.9664916992188,42100900
2024-09-30,558.9376557740085,562.8179640810873,556.6447925339722,562.21044921875,63557400
2024-10-01,561.8576982708267,562.5043864049716,554.6066335561335,557.1738891601562,72668800
2024-10-02,556.2823034605133,558.4282222492225,553.8914170466389,557.4091186523438,38097800
2024-10-03,555.9392527365582,558.3301388916863,554.106899883147,556.3900146484375,40846500
2024-10-04,560.8287828388663,561.8184614824812,556.6643337627131,561.4461059570312,42939100
2024-10-07,559.7999688939893,560.4467168743025,555.22399069742,556.3704223632812,49964700
2024-10-08,558.9376805045769,562.2300906410503,558.0656412646009,561.63232421875,37398700
2024-10-09,561.6224145456196,566.0808720947961,561.0247080377793,565.5223388671875,37912200
2024-10-10,564.1799758679994,565.9535388259317,562.9257131010544,564.53271484375,44138100
2024-10-11,564.4542980317323,568.6481717987969,564.3171018304082,567.9132690429688,42268000
2024-10-14,569.5202272995722,573.4887501402064,569.0401003876937,572.557861328125,36217200
2024-10-15,572.8225499433973,573.1263074210011,566.8942852830332,568.109375,54203600
2024-10-16,568.1093801464922,571.0979733835155,567.3058791131047,570.57861328125,30725400
2024-10-17,574.1158386665669,574.3216329805343,570.4413246734956,570.6275024414062,34393700
2024-10-18,572.3130189591948,573.6064553063766,570.8530213586306,572.8225708007812,37416800
2024-10-21,572.0973176864316,573.0771881011084,568.912738838732,571.8817749023438,36439000
2024-10-22,569.3536780068462,572.7342428128154,568.697181591541,571.5780029296875,34183800
2024-10-23,569.5594196255329,570.0003732214365,562.8570804647936,566.355224609375,49314600
2024-10-24,568.3051725972728,568.3835789691921,564.9638411001258,567.580078125,34979900
2024-10-25,569.8044663478088,572.6950960929863,566.4435179318251,567.3841552734375,47268200
2024-10-28,570.8528957024953,570.9802836348513,568.8343651367928,569.1381225585938,30174700
2024-10-29,568.1778099310847,571.1762108700161,566.7864107519835,570.0592041015625,42899700
2024-10-30,569.588797638648,571.5779630983764,567.6290569957021,568.3345947265625,41435800
2024-10-31,563.9741674152153,564.0427655154251,556.9974954170759,557.1934814453125,60182500
2024-11-01,559.8196805621591,563.9645140783009,559.1337591781606,559.5452880859375,45667500
2024-11-04,559.6823223393656,560.9757583388703,556.4585705161212,558.3399047851562,38217000
2024-11-05,559.2511382887498,565.1303598031815,559.0355955403569,565.0911865234375,39478300
2024-11-06,577.3396500855225,580.0146771322202,573.6063462638446,579.142578125,68182000
2024-11-07,581.1415036340469,584.6396478381987,581.0630972629532,583.6205444335938,47233200
2024-11-08,584.1693851078007,587.5695668763649,584.1693851078007,586.1487426757812,46444900
2024-11-11,587.7360663213191,588.0888053142032,584.9826328704219,586.7072143554688,37586800
2024-11-12,586.6287204841349,587.2264269895784,582.4054820528869,584.8845825195312,43006100
2024-11-13,585.3451316888757,587.1676761411395,582.9836705187753,585.1687622070312,47388600
2024-11-14,585.2962448517161,585.7763718199695,580.7202664359244,581.4061279296875,38904100
2024-11-15,577.8491633593196,578.3195418358689,572.1071369723535,573.9591064453125,75988800
2024-11-18,574.4196493771738,577.6238450144261,573.5574183688442,576.3108520507812,37001700
2024-11-19,572.9400989259979,579.1426361014928,572.2737941658764,578.4175415039062,49412000
2024-11-20,578.495884693383,578.8976052377521,572.8616299600318,578.6134643554688,50032600
2024-11-21,581.4550801704302,583.1404284379229,575.6248397212988,581.7196044921875,46750300
2024-11-22,581.7098478799927,584.1497754660484,581.2101642027249,583.5226440429688,38226400
2024-11-25,587.4518855330788,588.7648782973704,583.2188384863542,585.501953125,42441400
2024-11-26,586.7463470552605,589.2254477201681,586.0310608458545,588.5591430664062,45621300
2024-11-27,588.3729502321648,588.7550542016285,585.256969810655,586.7757568359375,34000200
2024-11-29,587.5890586237147,591.2047827973582,587.3147260107087,590.4208984375,30177400
2024-12-02,590.8323780737772,592.1552388895445,590.3424429138348,591.4791259765625,31746000
2024-12-03,591.2440480710218,591.9985076527607,590.2151960547985,591.7535400390625,26906600
2024-12-04,593.4388120135218,595.6728850379003,592.772507434092,595.4279174804688,42787600
2024-12-05,595.4279904670244,596.2314913306755,594.0953811448159,594.4481201171875,28762200
2024-12-06,595.212525949607,596.8097196143469,594.8009970944031,595.5750732421875,31241500
2024-12-09,595.457476264727,595.6240374954255,591.9201582931329,592.508056640625,34742700
2024-12-10,593.184106485161,593.6054435570935,590.0093361336401,590.6658325195312,37234500
2024-12-11,593.5858806768452,596.1825011825678,593.3114882757061,595.2320556640625,28677700
2024-12-12,594.3698085144841,594.9380902901107,592.1651000976562,592.1651000976562,31543800
2024-12-13,594.1934038090473,594.9086900260288,590.6756429397628,592.0474853515625,35904700
2024-12-16,593.8014244521054,595.54562235978,593.0273484159295,594.5755004882812,43695200
2024-12-17,592.0278303510687,592.9880840930309,590.7540109408761,592.1257934570312,55773500
2024-12-18,591.822113059209,594.2031909866316,574.0962907751041,574.4784545898438,108248700
2024-12-19,579.456129686489,581.0631314525076,574.057034359764,574.302001953125,85919500
2024-12-20,571.9778279294948,585.7225012446567,571.132257605004,581.199951171875,125716700
2024-12-23,580.9443313472664,585.2800771480029,577.7686569320756,584.6803588867188,57635800
2024-12-24,586.0272849416975,591.2184422848073,585.4471892507113,591.1790771484375,33160100
2024-12-26,589.409327922106,592.3391499159457,588.0132458991934,591.2183837890625,41219100
2024-12-27,587.4823797773107,587.7183905820746,580.8165297326684,584.9949951171875,64969300
2024-12-30,577.9948115421023,581.7799853973963,574.5733451400716,578.3192138671875,56578800
2024-12-31,579.9808236627084,580.698577374324,574.5832389413312,576.21533203125,57052700
2025-01-02,579.4694871635404,581.1801901339398,570.7291079559299,574.7994384765625,50204000
2025-01-03,577.6408633877121,582.6254735449975,576.5593423217554,581.9864501953125,37888500
2025-01-06,586.2337670283534,589.6060270134918,583.608664526265,585.3390502929688,47679400
2025-01-07,587.3644406233403,587.6889029930588,576.9035745975999,578.722412109375,60393100
2025-01-08,578.7911897402016,580.6395509433228,575.350100693004,579.56787109375,47304700
2025-01-10,576.0185903209236,576.0874192959229,568.8119506064235,570.7192993164062,73105000
2025-01-13,566.0788468496604,571.9581742427216,565.6658729466735,571.604248046875,47910100
2025-01-14,574.5241441869972,575.1533862250869,568.6152938144415,572.3906860351562,48420600
2025-01-15,580.3937160773642,583.9429389739179,579.2827311805529,582.802490234375,56900200
2025-01-16,584.1690862304802,584.34604932179,580.9836305712422,581.6817016601562,43319700
2025-01-17,586.9122299431212,589.27179809953,585.5849165977943,587.5217895507812,58070600
2025-01-21,590.5596519481012,592.9094384516549,588.5933154613438,592.8995971679688,42532900
2025-01-22,595.7213382459036,597.5893820777127,595.1707663809229,596.2326049804688,48196000
2025-01-23,595.6032899728609,599.48681640625,595.3280340779654,599.48681640625,41152100
2025-01-24,599.5457500838805,600.4994543662986,596.586404435373,597.7366943359375,34604700
2025-01-27,584.7983708814467,589.5962372876534,584.6312490621345,589.2816162109375,70361100
2025-01-28,590.5105293609671,595.1805787054238,587.1972570477369,594.3449096679688,44433300
2025-01-29,593.5583059073574,593.9614384934404,589.1340487911447,591.6804809570312,37177400
2025-01-30,593.7943615542468,596.3898803192325,590.6088457833347,594.8561401367188,39281300
2025-01-31,597.2747575383468,599.6933732210748,590.9333098394596,591.6903686523438,66566900
2025-02-03,582.6943020815504,590.1860392450765,580.5510025263411,587.70849609375,65857200
2025-02-04,587.7675957701897,592.1623298220667,587.2268651385132,591.651123046875,33457800
2025-02-05,590.5302274178379,594.1974260072697,588.5049031019603,594.0499267578125,30653100
2025-02-06,595.7901616750784,596.242440705887,592.4867305159943,596.1146240234375,35771500
2025-02-07,596.6750666805723,597.8941858585465,589.9501686239648,590.6580810546875,50788500
2025-02-10,593.863227291288,595.30845601079,592.5949016719809,594.6693725585938,26048700
2025-02-11,592.4080280097315,595.662312577201,592.2900526181724,595.12158203125,30056700
2025-02-12,589.1145742723808,594.3745017180902,588.43618561044,593.2045288085938,45076100
2025-02-13,594.3055297285264,599.6736500230521,593.0471055616473,599.4671630859375,40921300
2025-02-14,599.6736338799176,600.7059485220444,598.8182823186273,599.4376831054688,26910400
2025-02-18,600.5978525430173,601.1975708007812,598.1399318067746,601.1975708007812,26749000
2025-02-19,599.8113366176324,602.908280775238,599.3000698962699,602.6133422851562,31011100
2025-02-20,601.2467721645895,601.3844301402796,596.8028918726411,600.1063232421875,36554000
2025-02-21,599.8899930676969,600.0276510429451,589.3799206723878,589.842041015625,76519800
2025-02-24,591.8869345556642,592.8799440315161,586.4499856464254,587.1578979492188,50737200
2025-02-25,587.0989070332523,587.8264418905826,579.636634088407,584.2378540039062,58266500
2025-02-26,585.8995163780398,589.4881049123491,581.8980139327481,584.5328979492188,43321600
2025-02-27,586.8039490929929,587.9542991571739,574.809344386224,575.2025756835938,74196700
2025-02-28,575.7040488167072,584.7098443771037,572.6365684069419,584.178955078125,88744100
2025-03-03,586.1452445030724,587.2857532860544,570.1392964764723,573.9441528320312,74249200
2025-03-04,569.9525786591505,575.5369680083471,562.6181207422406,567.1505126953125,109648200
2025-03-05,566.9832562516485,575.03540599116,563.4340335479696,573.2460327148438,71230500
2025-03-06,565.7936477589768,570.4047092717689,560.5238803180225,563.0703125,80094900
2025-03-07,561.2907328755356,567.6714847046253,556.1094174114145,566.2261962890625,81158800
2025-03-10,558.0365509948175,559.9536812738498,546.2385307775894,551.14453125,99326600
2025-03-11,549.9843324603625,554.5265648872522,542.7285461144836,546.5628662109375,88102100
2025-03-12,552.7077001878538,553.631880779765,544.3704523001988,549.4632568359375,69588200
2025-03-13,549.0896174558009,549.6991769603108,540.4279077137791,542.1386108398438,74079400
2025-03-14,546.7497351697265,554.3398260143258,542.2075022062043,553.3369750976562,62660300
2025-03-17,553.3172833424321,560.1208513978755,552.8846868765244,557.6039428710938,49008700
2025-03-18,555.2933708486255,555.5096990502625,549.6499951496645,551.5770263671875,66041400
2025-03-19,553.3566169353411,561.3399385264869,552.1768030039566,557.584228515625,66556000
2025-03-20,553.8481847501696,560.9663132490421,553.1304311253591,555.9718017578125,62958200
2025-03-21,551.5205297947124,557.0526817242638,550.2878724028328,556.1552734375,83763000
2025-03-24,562.880651498493,567.1703352751009,562.2890000340255,566.1151733398438,58766800
2025-03-25,567.3181993393742,568.4127846067184,565.73055113845,567.4760131835938,38355700
2025-03-26,567.2098236237739,568.3340217234003,559.3208155225726,560.701416015625,51848300
2025-03-27,559.3109298319079,562.9793497998379,557.1020172521603,559.2123413085938,42164200
2025-03-28,557.6838635858104,558.413587192946,547.3689639965595,547.9507446289062,71662700
2025-03-31,542.201606334121,552.93066066187,539.2826520783074,551.6289672851562,95328200
2025-04-01,549.7159501655996,555.1297722698289,545.998235889195,553.1870727539062,54609600
2025-04-02,547.3491617248258,559.5475341360295,547.1125011420022,556.6878051757812,76014500
2025-04-03,537.5470145495102,540.3673198616506,529.2537231445312,529.2537231445312,125986000
2025-04-04,516.4045547647906,518.574043873056,498.0527654446422,498.26971435546875,217965100
2025-04-07,482.4029468413161,515.9114867336431,475.1154617622772,497.3822021484375,256611400
2025-04-08,514.6196468974629,517.6963548854247,482.3733480760591,489.591796875,165816600
2025-04-09,486.59399925019795,541.0084228515625,486.20939567811143,541.0084228515625,241867300
2025-04-10,524.7866027854379,526.0981670837639,502.25365007002944,517.3019409179688,162331200
2025-04-11,515.7536352571723,528.9874258955272,512.8544231608307,526.531982421875,97866300
2025-04-14,536.5017912856171,536.7286411738348,526.453165817952,531.6401977539062,68034000
2025-04-15,532.1825399641931,535.6931457102869,529.3622343758641,530.151123046875,56892900
2025-04-16,524.3034408726064,530.4273047249436,513.0714517926509,518.366943359375,83484800
2025-04-17,520.3194821276195,523.800475242003,516.6411916080497,519.1065063476562,79868100
2025-04-21,513.9293312369678,514.4618777265953,501.4055507612705,506.7503662109375,69368100
2025-04-22,512.9235348557764,521.9564215250564,511.9867032226325,519.9348754882812,75948100
2025-04-23,532.9319549297188,537.8625838932508,526.4728430251603,527.991455078125,90590700
2025-04-24,529.2734571828396,539.8348871004667,528.0211182344198,539.1051635742188,64150400
2025-04-25,539.0656730072541,543.4045902561826,536.1467190777879,543.0003051757812,61119600
2025-04-28,543.7399439376,545.8699492792146,537.4583271221219,543.2073974609375,47613800
2025-04-29,541.2943585019403,547.7436606136026,540.9393676118534,546.6293334960938,47775100
2025-04-30,539.9729835885655,548.7988227140515,534.0069337400583,546.8462524414062,93101500
2025-05-01,552.5952816524762,556.2439589647481,550.1200963901105,550.7216186523438,63186100
2025-05-02,556.894803218062,560.4941864598073,554.5774316657111,558.8966674804688,60717300
2025-05-05,554.7648727126054,558.788283367358,553.9069479669498,555.6918334960938,38659200
2025-05-06,550.1891944565425,555.533979770925,549.2326812616892,551.047119140625,48264700
2025-05-07,552.3784371058738,555.9975022415719,548.3254139860352,553.3645629882812,55588000
2025-05-08,557.3977713110521,562.3974366423718,553.9069074354913,557.2202758789062,65130800
2025-05-09,558.6205786168767,559.6264462916283,554.9522191721212,556.5103149414062,37603400
2025-05-12,573.4026196086874,574.9114211824733,569.0340889310521,574.9015502929688,78993600
2025-05-13,575.3157161654024,580.907093658496,574.7536773375426,578.6981811523438,67947200
2025-05-14,579.6546629482465,580.8084133986617,577.4161378946785,579.437744140625,66283500
2025-05-15,577.4358426248243,582.770756919371,576.9822030720642,582.2678833007812,71268100
2025-05-16,583.0469103495059,586.2518193704545,581.1042713102905,585.9559936523438,76052100
2025-05-19,579.9405744991373,587.2773530559552,579.9405744991373,586.596923828125,68168500
2025-05-20,584.8614155899625,585.8080578995526,581.419785763877,584.6246948242188,60614500
2025-05-21,580.2759146876367,584.3584902721909,573.7477661832594,574.7733154296875,95197700
2025-05-22,574.5760350084579,578.4811148637216,573.3433777523152,575.0001220703125,70860400
2025-05-23,567.988738706783,573.7378691727489,567.6140060747297,571.0753173828125,76029000
2025-05-27,577.9387671986972,583.1060568711622,570.4047514802384,582.9483032226562,72588500
2025-05-28,583.3526236048898,584.545857588394,578.8460211072919,579.5757446289062,68445500
2025-05-29,584.8318350718904,584.9699071457442,577.9388245287198,581.8635864257812,69973300
2025-05-30,580.7591289651484,582.9286180198035,575.1480700909575,581.2127685546875,90601200
2025-06-02,579.6053591727813,584.5655410710423,576.9428072484826,584.4866943359375,61630500
2025-06-03,584.121791379625,588.7960181097066,583.6385391723649,587.8197631835938,63606200
2025-06-04,588.6776647088699,589.6539195966438,587.2280285207049,587.6619262695312,57314200
2025-06-05,589.3384339818148,590.6894216670538,582.8497086239531,584.8219604492188,92278700
2025-06-06,590.3540722792903,592.4940086999786,588.5790577947733,590.8274536132812,66588700
2025-06-09,591.3993476813894,592.9081490758875,590.1864321834666,591.3599243164062,53016400
2025-06-10,591.8924637491524,595.0973729509094,590.7781968461302,594.7128295898438,66247000
2025-06-11,595.807477097167,596.6654019118176,590.9557539749433,593.0167236328125,73658200
2025-06-12,591.6854337777163,595.37353515625,591.2022416981604,595.37353515625,64129000
2025-06-13,590.1963519379123,593.499849631983,587.218232455665,588.7171630859375,89506000
2025-06-16,592.0699627819344,596.0637602908375,591.892407169678,594.3182983398438,79984100
2025-06-17,591.8826784891205,593.401290785268,588.480531921813,589.2398681640625,82209400
2025-06-18,590.1371879149127,592.8785866278505,588.1944885876793,589.1510620117188,76605000
2025-06-20,591.8225009850784,592.8906824249698,586.3629740326184,587.7674560546875,94051400
2025-06-23,588.5189525073708,593.9586781700418,585.403509483969,593.572998046875,87426000
2025-06-24,597.7072083922786,601.1885919192599,596.7972471416377,600.13037109375,67735300
2025-06-25,601.247995602986,601.940336500435,598.903972841808,600.4666748046875,62114800
2025-06-26,602.3161684365299,605.5997923429508,601.7029677445283,605.1646118164062,78548400
2025-06-27,606.1636033457827,609.6351477759472,604.1360808658505,608.1713256835938,86258400
2025-06-30,610.6142201701539,612.4340220516922,608.2998373553096,611.0790405273438,92502500
2025-07-01,609.6054458188352,612.0484090785977,608.7746849801475,610.88134765625,70030100
2025-07-02,610.4757907292374,613.6901746824169,609.8526899336259,613.650634765625,66510400
2025-07-03,615.6287169448548,619.4167617045248,615.6089168033244,618.487060546875,51065800
2025-07-07,616.5286747873084,617.1913758193931,611.0988485499288,613.8780517578125,74814500
2025-07-08,614.5406899285775,615.2923708557059,612.7307881009865,613.5418090820312,59024600
2025-07-09,615.945166968477,617.8737488887257,614.1055045789822,617.2210083007812,66113300
2025-07-10,617.3594891460615,620.0002120765442,616.1825277796053,618.9617309570312,57529000
2025-07-11,615.9154666088177,618.0122289852302,614.7187654701638,616.7858276367188,63670200
2025-07-14,616.3308265898004,618.3089087938923,614.9857451789246,617.9627685546875,51898500
2025-07-15,620.6431287961128,620.9793689858044,615.242942324076,615.3220825195312,74317300
2025-07-16,616.9045519994012,617.883693134462,611.2769051241828,617.3792724609375,88987500
2025-07-17,617.5573456006476,621.5135103761386,617.3397251475282,621.1574096679688,68885700
2025-07-18,622.4035753929759,622.5716954836944,619.5947323692288,620.7024536132812,65621600
2025-07-21,621.87939453125,624.6189973413707,621.4541141003111,621.87939453125,63375000
2025-07-22,622.2058050575365,622.828905853138,619.3277216791315,621.9684448242188,60046300
2025-07-23,624.6289433239532,627.2598266601562,622.8288811376781,627.2598266601562,70511000
2025-07-24,627.6454884244192,629.1785504969665,627.0421878119985,627.4674682617188,71307100
2025-07-25,628.1301809903662,630.5928838363332,627.8829206987424,630.1181030273438,56865400
2025-07-28,630.4939604147171,631.0478210681617,628.5752180855901,629.9598999023438,54917100
2025-07-29,631.3544434316219,631.670943868378,627.388438817005,628.29833984375,60556300
2025-07-30,628.9509803708415,630.6917023127537,624.6189756546709,627.5070190429688,80418900
2025-07-31,632.4522656090571,632.8379457731452,623.8574957354674,625.1531372070312,103385200
2025-08-01,619.4364414435403,619.476041722763,612.5032535330552,614.9066162109375,140103600
2025-08-04,618.813325728958,624.3024917393647,618.7243458354196,624.2530517578125,73218000
2025-08-05,624.8663405650735,625.6773616222941,620.1683946955434,621.0881958007812,68051400
2025-08-06,622.1562946160922,626.4981995520814,621.2463937026511,625.845458984375,64357500
2025-08-07,629.2675537310744,629.9994345491891,622.2156852544556,625.3212890625,74205800
2025-08-08,627.1114011688534,630.6620853000642,626.7949007710238,630.1972045898438,64051600
2025-08-11,630.4742118551501,631.947873553624,627.70484826023,628.9510498046875,58742300
2025-08-12,631.2951060550639,635.8051316570012,629.8115442075018,635.6469116210938,64730800
2025-08-13,637.8424936799373,639.10849531226,635.6369512596368,637.82275390625,60092800
2025-08-14,635.7457174616427,638.5447207235369,635.300697252298,637.882080078125,59327500
2025-08-15,638.9106535836406,639.0095939138803,635.4787099260534,636.3886108398438,68592500
2025-08-18,635.8150025688236,636.9425240091701,635.1424618060598,636.2501831054688,43804900
2025-08-19,636.0721245937336,637.0512656505922,631.4829592777961,632.7984008789062,69750700
2025-08-20,632.3928448945792,632.649944849085,626.0135183173757,631.116943359375,88890300
2025-08-21,629.3071240874224,630.9785456585483,626.864161086776,628.5850830078125,54805800
2025-08-22,630.7709103705197,639.4151205943501,630.2664897119097,638.2381591796875,84083200
2025-08-25,636.9820621561176,638.218363635622,635.3105801411765,635.4292602539062,51274300
2025-08-26,635.1622594491828,638.4359833484747,634.5391586749303,638.0897827148438,51581600
2025-08-27,637.5062787617181,640.2755819843173,637.3578984386413,639.543701171875,48341100
2025-08-28,640.1470117905141,642.362454403162,638.2678697444891,641.80859375,61519500
2025-08-29,640.374480883152,640.7404816664739,636.0919759234915,637.9810180664062,74522200
2025-09-02,630.5136938017484,633.4709169972102,627.9619508913343,633.2533569335938,81983500
2025-09-03,635.6270824559713,637.1502445176759,633.4413400681225,636.6853637695312,70820900
2025-09-04,637.3579030521721,642.0361089027498,636.4579021356687,642.0064086914062,65219200
2025-09-05,644.3404359625918,645.062476969223,636.2797877246134,640.1469116210938,85178900
2025-09-08,641.5119451283233,642.7186068708459,640.1371632720919,641.7196655273438,63133100
2025-09-09,641.8580441132016,643.7273464852004,640.1272219983028,643.2031860351562,66133900
2025-09-10,646.4570213518696,647.3768223058731,643.4997982019892,645.0625,78034500
2025-09-11,647.0109525903231,651.1154976382888,646.4274520986086,650.4231567382812,69934400
2025-09-12,650.393364548417,651.8868261792371,649.7010841125947,650.2054443359375,72780100
2025-09-15,652.4111340519337,653.795755474802,652.1144337731963,653.6671752929688,63772400
2025-09-16,654.2210123755038,654.5276730798186,651.9858301119879,652.7671508789062,61169000
2025-09-17,652.7770367516476,654.4682584259048,647.1295902463727,651.9561157226562,101952200
2025-09-18,654.6364399867887,657.603563340362,653.0341982051615,655.0023803710938,90459200
2025-09-19,656.8877828567474,659.0895125014193,654.9438659954435,658.2465209960938,97945600
2025-09-22,656.7588293222589,661.8069717744121,656.7290467709187,661.3607177734375,69452200
2025-09-23,661.2417286303936,661.8566899635472,656.540685502851,657.7606201171875,81708900
2025-09-24,659.0498612769777,659.1490153831234,654.2496039734066,655.6678466796875,68082200
2025-09-25,652.5338627083877,653.9917550046746,649.0328388399253,652.6429443359375,89622100
2025-09-26,654.0910020825955,656.9274877414105,652.4743904900326,656.3820190429688,69179200
2025-09-29,658.9010899003678,659.8135740530697,656.4216318338509,658.2266845703125,73499000
2025-09-30,657.4828203674869,661.1722852976668,656.173659297658,660.7061157226562,86288000
2025-10-01,657.7208749627936,663.8699431635192,657.611793334362,662.95751953125,72545400
2025-10-02,664.9410037342527,665.0600128657511,661.3011766397112,663.7210693359375,56896000
2025-10-03,664.4848020775174,667.1527012490268,662.6698219114437,663.7112426757812,70494400
2025-10-06,666.1014192164715,666.9841207809839,663.9591941673339,666.0914916992188,54623300
2025-10-07,667.0138297258598,667.4601442579947,662.1838505424819,663.6219482421875,72020100
2025-10-08,664.7426772273783,667.6783772359653,663.919480237528,667.5791625976562,60702200
2025-10-09,667.9957845708525,668.4023890582872,663.7112737749407,665.6452026367188,66501900
2025-10-10,666.6071968358344,668.4122493878771,647.4757221413303,647.6542358398438,159422600
2025-10-13,655.2216030747315,659.664772492732,654.3488290056752,657.5919189453125,79560500
2025-10-14,651.7701536094826,660.3590300864076,647.8030207789583,656.78857421875,88779600
2025-10-15,661.3409343998026,664.7228887516702,653.5157497881946,659.7044677734375,81702600
2025-10-16,661.3408828539109,663.215367636124,651.7106461582608,655.211669921875,110563300
2025-10-17,654.0810128478913,660.2895852935891,652.7322022395391,658.9308471679688,96500900
2025-10-20,661.8367798071084,666.6866142382812,661.7872027532737,665.7840576171875,60493400
2025-10-21,665.9228395283285,667.4600912091562,664.4748144266518,665.7740478515625,56249000
2025-10-22,666.4783066993808,666.4783066993808,657.8497808005621,662.3128051757812,80564000
2025-10-23,662.6301900162397,667.1825015615415,662.3128121266341,666.2402954101562,65604500
2025-10-24,670.9016937183009,672.8951271271609,670.0983517375236,671.6851806640625,74356500
2025-10-27,677.1201116013259,679.9070199177999,676.5151383891614,679.6094970703125,63339800
2025-10-28,681.4046232640447,683.2493254549719,679.2028936555786,681.41455078125,61738100
2025-10-29,683.0608492697363,684.0328379014793,677.2589421639235,681.7418212890625,85657100
2025-10-30,678.2805222142791,680.303738053287,674.2439575195312,674.2439575195312,76335800
2025-10-31,679.4111219213156,679.4508319897004,673.6587916341136,676.4556274414062,87164100
2025-11-03,680.0359699637585,680.1649066224819,674.3530715971103,677.7251586914062,57315000
2025-11-04,670.5545580097922,674.3729598389511,669.0371611161902,669.6917114257812,78427000
2025-11-05,669.4337786331213,675.2654684624238,668.6304366940664,672.012451171875,74402400
2025-11-06,670.9115428502156,671.8140994484131,663.2252231578799,664.8021850585938,85035300
2025-11-07,662.4218719882706,665.5658682287408,655.7769731606511,665.4567260742188,100592400
2025-11-10,671.6752576501947,676.57466917413,669.4834554774103,675.8407592773438,75842900
2025-11-11,674.3629519753922,677.9532020666294,673.1529450781785,677.3878784179688,58953400
2025-11-12,679.1631581075335,679.3318048264125,675.3547447293747,677.7647705078125,62312500
2025-11-13,674.9084518036677,675.2654792192372,665.010475070097,666.5179443359375,103457800
2025-11-14,659.9127671356764,670.1082678298286,657.8201189320223,666.408935546875,96846700
2025-11-17,664.1972328051172,668.1742931923078,656.7290761218832,660.2003173828125,90456100
2025-11-18,656.6596720569411,659.6548768721069,650.4709542015795,654.6563110351562,114467500
2025-11-19,655.3505889035424,661.8566848395906,653.3372397764296,657.1853637695312,94703000
2025-11-20,667.3808213360044,670.0090710879778,646.5335791707308,647.1683349609375,165293500
2025-11-21,649.667590792559,659.0895314498267,645.5020891320908,653.6149291992188,123956200
2025-11-24,657.2447591605586,664.5541959227929,656.1538219404428,663.235107421875,80437900
2025-11-25,663.135941149376,670.6536740212097,659.020017057554,669.4734497070312,81077100
2025-11-26,672.0620713400136,676.0986363282427,671.1595147067713,674.09521484375,71879600
2025-11-28,675.2654787466182,678.0523870500939,674.9084513312986,677.7747192382812,49212000
2025-12-01,673.2323336611282,677.3779800628074,673.1629015749381,674.6803588867188,61201200
2025-12-02,676.316803165018,678.2012155152329,673.7481184984898,675.9300537109375,62953800
2025-12-03,674.9779023816353,679.2822075879724,674.105128319461,678.2706298828125,57238500
2025-12-04,679.6689755171525,679.7384076011712,675.7415530139849,678.7664794921875,61970300
2025-12-05,679.8375623637357,682.7336127271673,678.9549213715281,680.0557861328125,79241000
2025-12-08,680.9484564225444,680.9980334759979,675.9696853695019,678.0127563476562,55231500
2025-12-09,677.5366323782647,679.7582167824522,676.9812362772177,677.427490234375,58310100
2025-12-10,676.9515664343469,683.3088703732143,675.711837383319,681.92041015625,85671300
2025-12-11,679.51034738166,683.5865617528303,676.5647198382891,683.5072021484375,86173700
2025-12-12,682.5153843270051,683.2195721462687,673.5893360954813,676.1580810546875,113160300
2025-12-15,680.1053789946951,680.1252340287925,673.6687159286942,675.1365356445312,90811000
2025-12-16,673.6488975485244,675.4837328267965,669.4338188610296,673.2918701171875,122030600
2025-12-17,674.3034691132465,674.8489377460819,665.6848710067972,665.8832397460938,110625200
2025-12-18,672.0322187932205,675.1464323222394,669.3544527925658,670.9114990234375,108650100
2025-12-19,673.0134542661981,677.4896664833268,672.8940327515619,676.9923095703125,103599500
2025-12-22,680.3245900087294,681.7370666700199,676.9923229108747,681.2098999023438,69556700
2025-12-23,680.3046207584179,684.562024812114,680.2548972126992,684.3233032226562,64840000
2025-12-24,684.313382495532,687.1781631452748,684.164151137988,686.7305297851562,39445600
2025-12-26,686.989161229118,688.0037280321676,685.6264081645946,686.660888671875,41613300
2025-12-29,683.9055083361335,685.5567672531378,682.4433081832867,684.2138671875,62559500
2025-12-30,683.8160334465714,684.9201512250444,682.9506372729019,683.3783569335938,47160700
2025-12-31,683.5076844111845,683.726492314561,678.1063955310838,678.3152465820312,74144800
2026-01-02,682.0852055985325,683.2390468658663,676.2263268834449,679.55859375,89377200
2026-01-05,682.910778712987,685.7855161168121,682.7516512212146,684.0845336914062,71927200
2026-01-06,684.2934596862484,688.6602678554459,684.1442890432024,688.1529541015625,69273800
2026-01-07,688.5309418430683,690.2916046822218,685.6761181181482,685.9347534179688,75588300
2026-01-08,685.1787573638412,686.9692300361542,683.8557710289468,685.8651123046875,64019200
2026-01-09,686.9791831428475,691.6344363504869,685.5368360184962,690.4010009765625,80125500
2026-01-12,687.0289310253164,692.410366767912,686.979207477028,691.4852294921875,63976000
2026-01-13,691.813478661017,692.4103433578374,687.6953490317495,690.1026000976562,78309700
2026-01-14,687.3472637531122,688.0634285762314,682.4134612479594,686.7106323242188,94676700
2026-01-15,690.8983886882239,691.7737417111902,687.5959315038539,688.5806884765625,77862000
2026-01-16,689.9931507530615,690.5800586110835,686.4519720383781,688.0037231445312,79289200
2026-01-20,677.8874730475171,681.1501633341576,672.9934983300664,673.9981689453125,111623300
2026-01-21,676.0572511802958,685.0991655259935,674.5452667925615,681.77685546875,127844500
2026-01-22,686.2033478813381,687.476610793547,683.2888434897402,685.3379516601562,77112200
2026-01-23,684.5123006998919,687.3074439470811,683.5274830754288,685.5865478515625,63059600
2026-01-26,686.8399050563427,690.4606777697717,686.272910918868,689.0680541992188,60473800
2026-01-27,690.5104039402848,692.8480177488461,689.9036431059924,691.8134765625,55506100
2026-01-28,693.3652237572153,694.1510864943795,690.271678492269,691.7438354492188,61172200
2026-01-29,692.7087686795362,693.375209936545,681.2098793986574,690.3711547851562,97486200
2026-01-30,688.1330315570439,690.5402826440542,683.487735152998,688.3120727539062,101835100
2026-02-02,685.9348095869553,693.2459322689688,685.7756213682558,691.7339477539062,79286500
2026-02-03,692.529690413304,693.2757257351432,680.4140840721383,685.885009765625,107904600
2026-02-04,686.7006659106327,687.7948875474046,678.1561081391175,682.5626831054688,105204600
2026-02-05,677.3404209861714,680.0758839506523,672.2176206040476,674.0379638671875,113610800
2026-02-06,677.8576866055596,688.6503070282812,677.2508650473027,686.96923828125,89127600
2026-02-09,685.7755944360715,692.1915108078678,684.7013472083629,690.2816772460938,73885200
2026-02-10,691.276360737094,692.8579216647231,688.0037135108784,688.4613037109375,65185700
2026-02-11,692.7087599208829,693.4547952732178,685.5368515439336,688.3021850585938,76353900
2026-02-12,690.5701102294341,691.6742279947084,676.7734344520502,677.668701171875,118829000
2026-02-13,678.0864377658819,682.6522007204912,673.9384983110481,678.1461181640625,96267500
2026-02-17,676.5446598627462,681.31927396984,672.2077222570326,679.2402954101562,81354700
2026-02-18,680.4041503420104,685.507036973797,679.2204384959671,682.662109375,73570300
2026-02-19,680.225062656192,682.5526587813481,677.9471293624403,680.8616333007812,58649400
2026-02-20,678.7131823752115,686.4122580979458,678.126274472082,685.7855834960938,100034000
2026-02-23,684.1940214696967,686.3525334522094,676.7734345413753,678.7827758789062,90558100
2026-02-24,678.295350173768,684.7112054782021,676.4053697086953,683.7164916992188,73798700
2026-02-25,686.53156929616,690.0130676270821,686.4519751919497,689.4859008789062,56369500
2026-02-26,689.615191050754,689.6350440416309,680.7323436648176,685.6561889648438,71671000
2026-02-27,679.4790749097389,683.2291046432514,678.0367277603054,682.3637084960938,83308900
2026-03-02,675.1123137702438,684.9798583327654,674.4359156260907,682.751708984375,87477200
2026-03-03,671.4915420947397,679.0016196644848,666.1200629162043,676.7337036132812,105003100
2026-03-04,678.026741603972,683.4579005621853,676.0273572426378,681.5082397460938,79182200
2026-03-05,678.474445192334,681.9062201445739,672.0386149612469,677.70849609375,106606500
2026-03-06,669.8502072585248,672.5359467168151,666.2195382406165,668.82568359375,100687000
2026-03-09,662.8673651303956,676.3258117079225,658.888509802078,674.6845703125,102667700
2026-03-10,674.1374043547928,679.7476047325034,671.1930903760745,673.6002807617188,81505300
2026-03-11,673.9982140650914,676.4849986405864,669.7806371390539,672.7548217773438,68441700
2026-03-12,667.6120785283837,668.0995392824933,662.3500644519811,662.5390625,108882200
2026-03-13,665.7321452917186,668.7859240392634,657.863924887251,658.7890014648438,97200200
2026-03-16,664.8468199428278,668.5173163233716,663.5934708305671,665.493408203125,82023100
2026-03-17,668.8355969918504,670.8747480492216,666.1598145596139,667.2440185546875,87128000
2026-03-18,664.8268919718373,666.1796881508768,657.6948111200146,657.9335327148438,82062600
2026-03-19,653.4971375917409,659.4753776238247,651.7066647804095,656.3121948242188,111272500
2026-03-20,654.8230422006715,655.0025723674255,643.063298812559,646.9034423828125,163617500
2026-03-23,656.3790129905765,660.9173090129275,652.2596206790361,653.6959228515625,134802700
2026-03-24,649.6463809650626,655.3417305137531,648.2100787416998,651.5015869140625,96457500
2026-03-25,656.9774239230809,659.1917509309695,652.5588148295345,655.1322021484375,90653800
2026-03-26,650.3844333840033,653.1672421520028,643.1630473705688,643.432373046875,96494400
2026-03-27,640.8489947137006,641.0085567819559,631.4831091918358,632.4606323242188,103649400
2026-03-30,638.4651675144013,638.7245091624994,627.6630399662237,630.3460693359375,99275900
2026-03-31,637.2981538716512,649.865752001465,636.3405988140365,648.6688842773438,152534100
2026-04-01,652.219751792706,656.8278752918841,651.3220400966815,653.5562744140625,97841500
2026-04-02,644.7589215344626,656.5086804928782,643.4522901873171,654.144775390625,68358700
2026-04-06,654.1746977251443,658.0247645183308,653.8356054757206,657.23681640625,39105800
2026-04-07,654.9626585699763,657.9150134208243,649.386996170508,657.5260009765625,69980400
2026-04-08,674.6519776493207,675.3402070755335,669.734652974974,674.27294921875,93606100
2026-04-09,673.1059235004034,679.4096297331154,672.0386657215836,678.162841796875,57134400
2026-04-10,679.5692561407437,680.2774536083281,676.7066358948267,677.7140502929688,42253500
2026-04-13,675.669302461078,684.536473353906,674.8414790590384,684.3369750976562,54185800
2026-04-14,685.9229138241225,692.7952238870419,685.8929616905456,692.675537109375,63480500
2026-04-15,693.4734516118131,698.480571570673,692.4161778504387,698.1414184570312,58240400
2026-04-16,699.2585607342904,700.9741726960574,696.7350934539525,699.8569946289062,49972400
2026-04-17,704.3255249385737,710.5594650064761,703.9464965121796,708.3152465820312,70661900
2026-04-20,706.9587079747221,708.0857482546458,704.3254772575062,706.8988037109375,43546800
2026-04-21,708.4548936431559,709.4523240430285,700.8345107773317,702.2708129882812,58941400
2026-04-22,707.3278031045794,709.6218808832724,706.4001392457644,709.3825073242188,42518500
2026-04-23,707.6768673789517,710.5295037064266,700.4754491270062,706.6295776367188,56174000
2026-04-24,708.9236633096505,712.6340752101273,707.1881441382454,712.10546875,45182000
2026-04-27,711.3374146094498,713.7911152864904,710.4696550399041,713.332275390625,33135900
2026-04-28,709.9908768700561,711.0481506026886,707.4274735730012,709.8612060546875,43117400
2026-04-29,709.1729992133655,710.3699278433978,706.5497524472755,709.7515258789062,41859200
2026-04-30,712.7936806635566,717.9403946619685,708.6244289610544,716.8132934570312,67240900
2026-05-01,719.3966516418469,723.0073446973263,718.6186267345964,718.7982177734375,43049800
2026-05-04,718.2196821209096,720.2644021704073,713.152718877996,716.1649780273438,51950600
2026-05-05,719.9153564929043,723.1769124909786,719.6360467603954,721.9102172851562,36933200
2026-05-06,726.288861980811,732.7023927493656,725.9497697512824,731.9443359375,53288900
2026-05-07,733.161188473549,734.238430329629,727.8748196364371,729.7001342773438,51724600
2026-05-08,733.0415191543954,736.1834492768152,732.6824588199246,735.724609375,47227100
2026-05-11,734.5576163199453,738.8864300819614,734.5576163199453,737.4002685546875,44024000
2026-05-12,734.9964788307154,736.9414802248905,729.9494836014034,736.2831420898438,54185300
2026-05-13,736.5723674930287,741.9983910774667,733.5800764180441,740.4025268554688,44200200
2026-05-14,741.7391534739264,747.6040491923611,741.649357949993,746.2474975585938,45307600
2026-05-15,739.8838927249178,741.5496453663399,736.0637780312098,737.2706298828125,60410800
2026-05-18,737.9289136337939,739.5147938000424,731.5054597381557,736.751953125,47843900
2026-05-19,732.8919551385734,735.7545755811656,729.650306265128,731.8446044921875,54255900
2026-05-20,733.8195334397973,739.9636778498481,732.0042028263388,739.3452758789062,45768000
2026-05-21,736.7419902854853,742.9559620700644,735.1361419849363,740.8114624023438,43332200
2026-05-22,744.3224328967863,747.015507083493,742.566945697205,743.7239990234375,41762000
2026-05-26,748.0827892360243,750.1973368284331,746.4469887578754,748.6613159179688,41123600
2026-05-27,748.9505199197505,749.4492351039673,746.2973210478585,748.5316162109375,42106300
2026-05-28,748.3221518516883,753.2095851254732,747.3047533704411,752.6609497070312,41562600
2026-05-29,753.9576670103595,756.1320579864754,752.7507543048832,754.5361328125,55075700
2026-06-01,753.4189990020213,758.3264003155792,752.7507376917755,756.5908203125,43634900
2026-06-02,755.0847737682097,758.4461093852723,754.805464031348,757.6182250976562,31581900
2026-06-03,756.2018667594974,756.8501599793441,751.6336185743088,752.3018798828125,51402500
2026-06-04,750.1673635570705,756.3614281257201,749.5389775481502,755.1445922851562,49923000
2026-06-05,750.3768677170906,750.8855669656407,733.6400171295905,735.65478515625,93989400
2026-06-08,741.4498108327123,743.4247643242134,736.2931129658897,737.3204345703125,49319100
2026-06-09,741.7191759970133,744.9807928982774,720.7332622187009,735.1560668945312,87683500
2026-06-10,731.5054857614351,736.4826536495077,723.4661992814284,723.56591796875,60341300
2026-06-11,726.8873842592473,738.0984921563339,722.5485255148498,735.8642578125,86330500
2026-06-12,738.8066884479139,742.5270843334097,733.1412911200548,739.843994140625,57079500
2026-06-15,749.9179969688896,754.7356026867302,749.8282623277308,752.890380859375,60176400
2026-06-16,752.6111046530555,753.4988323298886,747.9531216783239,748.4019775390625,67093100
2026-06-17,749.3594421826946,750.217278570044,737.3204502885575,739.0560302734375,85945200
2026-06-18,747.760009765625,748.22998046875,743.8599853515625,746.739990234375,80875700
2026-06-22,747.7000122070312,750.1799926757812,743.1300048828125,744.3900146484375,46628100
2026-06-23,733.8099975585938,739.6300048828125,732.2999877929688,733.5800170898438,66846800
2026-06-24,735.1699829101562,739.9500122070312,730.8400268554688,733.239990234375,57439500
2026-06-25,738.9099731445312,739.3699951171875,729.5999755859375,734.2999877929688,53934400
2026-06-26,728.9500122070312,736.530029296875,716.5800170898438,728.989990234375,71034000
2026-06-29,736.530029296875,741.5599975585938,732.0900268554688,741.0,58035200
2026-06-30,741.2899780273438,748.02001953125,740.8900146484375,746.77001953125,55626000
2026-07-01,745.0,749.4400024414062,742.3800048828125,745.760009765625,47100900
2026-07-02,747.4000244140625,751.3099975585938,740.030029296875,744.780029296875,57447800
2026-07-06,748.739990234375,752.4099731445312,747.4099731445312,751.280029296875,50673300
2026-07-07,750.219970703125,750.9600219726562,745.2100219726562,747.7100219726562,43721500
2026-07-08,743.1599731445312,746.1500244140625,739.510009765625,745.4000244140625,43767400
2026-07-09,747.3499755859375,751.969970703125,745.5900268554688,751.7100219726562,41441700
2026-07-10,752.0499877929688,755.4199829101562,748.0999755859375,754.9500122070312,42191300
2026-07-13,752.469970703125,753.9099731445312,748.0,749.1699829101562,44013600
2026-07-14,750.9099731445312,753.3400268554688,748.6599731445312,751.8300170898438,35143100
2026-07-15,754.239990234375,755.5800170898438,750.2000122070312,754.8099975585938,43844800
2026-07-16,752.760009765625,754.5700073242188,747.8800048828125,750.719970703125,46409800
2026-07-17,742.0800170898438,747.2899780273438,740.7999877929688,743.2899780273438,62569200
2026-07-20,747.0599975585938,748.72998046875,741.5103149414062,742.0900268554688,49855561
